{"type":"Topology","arcs":[[[19466,26215],[-2,-1],[-94,-2],[-24,-36],[-23,-57],[16,-24],[-1,-37],[2,-19],[-22,-53],[14,-18],[-26,-47],[-33,-27],[-6,-23],[-177,51],[-189,49],[-202,77],[-156,-8],[-3,-58],[-111,-75],[-7,0]],[[18422,25907],[36,30],[14,51],[32,29],[-9,30],[19,22],[-13,28],[3,60],[-15,45],[4,144],[-46,19],[-24,30],[-8,33],[10,44],[-52,35],[-2,63],[-32,50],[-47,22],[-10,19],[-6,84],[-16,55],[-2,43],[12,53],[34,38],[23,102],[-8,68],[53,72],[-542,54],[-375,44],[-1016,118],[-187,24],[-494,58],[-96,6],[18,38],[3,39],[-12,34],[52,71],[20,0],[22,38],[26,-14],[12,77],[31,30],[64,9],[2,55],[22,39],[-4,40],[12,26],[42,-7],[11,53],[16,17],[-7,93],[7,185],[24,31],[-3,47]],[[16020,28381],[24,65],[48,-45],[25,-12],[104,-1]],[[16221,28388],[32,19],[38,-13],[53,15],[29,18],[26,-7],[248,90],[50,28],[55,-37],[17,9],[5,63],[76,19],[33,0],[64,31],[40,-41],[37,15],[33,-28],[18,-61],[49,-38],[22,9],[60,-5],[-2,-38],[50,0],[27,-48],[40,10],[58,-14],[84,21],[70,-37],[34,-1],[66,57],[30,12],[53,57],[52,3],[48,-33],[29,-31],[13,-36],[48,-32],[40,-15],[15,-34],[42,-47],[27,-92],[33,-46],[13,-54],[28,-23],[39,-58],[3,-51],[47,-58],[44,-18],[-7,-38],[27,-23],[33,-65],[-5,-34],[9,-72],[42,2],[15,-16],[-4,-50],[47,4],[38,-28],[70,-35],[30,10],[135,5],[18,17],[46,-13],[33,13],[26,-10],[77,27],[27,35],[28,3],[27,-24],[69,7],[20,-21],[-4,-53],[64,-10],[46,-37],[53,20],[48,-25],[18,4],[28,41],[35,16],[50,-35],[39,9],[49,-3],[45,9],[12,22],[2,48],[42,5],[24,20],[49,-4],[74,47],[43,3],[20,-21],[29,17],[16,116],[24,-1],[37,53],[37,-1],[62,19],[41,55],[25,-20],[19,79],[34,33],[38,1],[34,20],[35,-2],[23,-38],[60,-26],[23,37],[27,-1],[27,27],[19,39],[54,7],[28,-20],[49,9],[37,19],[47,-1],[46,-30],[49,23],[77,2],[33,18],[75,6],[45,61],[-15,27],[7,43],[27,48],[58,24],[43,40],[33,7],[23,70],[17,5],[48,-19],[38,-60],[34,0],[1,-28],[42,-19],[22,-28],[26,33],[22,-4],[82,82],[36,52],[55,5],[16,32],[70,22],[3,23],[68,92],[42,3],[32,50],[30,5],[20,27],[-5,40],[31,22],[8,-42],[35,5],[63,-43],[51,-9],[26,-35],[37,-20],[84,25],[46,-3],[-173,116],[-45,779],[-21,388],[-7,175],[-12,127],[-370,476],[-72,89],[-14,314],[0,72]],[[21467,31127],[13,-2],[1361,1052],[92,72],[19,14],[578,448],[56,46],[75,316],[20,69],[63,270],[8,62],[23,67],[44,179],[3,5]],[[23822,33725],[858,481],[887,499],[1171,657],[165,93],[-3,6]],[[26900,35461],[14,8]],[[26914,35469],[7,4],[125,-140],[5,-21],[-4,-80],[30,-32],[14,-38],[-15,-64],[20,-79],[62,-58],[46,-63],[36,-18],[51,-48],[9,-31],[110,-150],[37,-20],[8,-45],[18,-27],[150,-126],[140,-82],[44,-42],[6,-21],[49,-78],[18,-8],[1,-88],[24,-23],[13,-67],[17,-23],[43,-26],[18,-49],[29,-39],[43,-121],[-2,-39],[25,-45],[83,-115],[3,-27],[66,-102],[46,-23],[59,-5],[24,-28],[55,-6],[72,-46],[31,-28],[45,4],[65,-39],[2,-21],[49,-31],[78,-20],[24,-51],[27,13],[34,-58],[46,-8],[33,-37],[30,-4],[8,-28],[31,-19],[45,-78],[26,-18],[64,-104],[44,-27],[6,-39],[39,-1],[21,-55],[38,-26],[44,8],[49,-31],[14,-27],[101,-66],[5,-21],[-414,-126],[-51,-22],[-311,-108],[-123,-49],[147,-376],[215,-542],[169,-428],[29,-68],[203,-509],[88,-233],[33,-60],[37,-107],[70,-166]],[[29590,29724],[-28,1],[-61,76],[-71,51],[-47,17],[-141,130],[-31,6],[-125,50],[-36,-4],[-70,11],[-45,34],[-27,32],[-123,52],[-37,27],[-136,26],[-70,37],[-93,-13],[-31,8],[-29,29],[-37,-22],[-63,10],[-37,-26],[-37,20],[-58,-5],[-49,40],[-48,67],[16,25],[-23,32],[-25,-1],[-60,38],[-53,59],[-15,33],[-80,57],[-65,-2],[-29,40],[-102,3],[-59,34],[-86,-3],[-77,37],[-73,43],[-61,16],[-44,-8],[-56,29],[-40,-16],[-61,-7],[-45,26],[-62,-22],[-51,-54],[-96,-10],[-88,48],[-56,-59],[-52,-1],[-21,20],[-49,8],[-47,26],[-119,-28],[-82,-39],[-63,-22],[-42,-29],[-10,19],[-45,-9],[-30,-60],[-40,-25],[-43,-7],[-12,-19],[-101,-45],[-99,-52],[-18,-42],[-24,-1],[-34,-35],[5,-68],[-28,-27],[-39,4],[-20,-20],[2,-43],[-24,-18],[-9,-71],[-30,-37],[-43,16],[-71,-14],[-4,-22],[-32,-12],[-24,-36],[-62,-26],[-50,-54],[-21,-33],[12,-28],[-27,-10],[-43,-40],[-34,6],[-47,-30],[-75,-4],[-60,33],[-29,8],[-64,-45],[-44,-2],[-21,-60],[-41,-23],[-28,-38],[11,-22],[-23,-29],[20,-27],[-21,-23],[23,-41],[-10,-54],[-27,-22],[-3,-72],[-48,-54],[-18,-32],[-89,-32],[-7,-48],[-18,-18],[2,-50],[-22,-39],[-31,-16],[-4,-55],[-30,-30],[-38,32],[-23,-9],[-51,41],[-51,-1],[-41,-55],[-106,20],[-87,2],[-27,-16],[-30,6],[-53,-7],[-24,15],[-29,-9],[-15,-24],[-42,28],[-14,-17],[12,-60],[-61,-43],[-29,50],[-40,5],[-31,-59],[-14,-60],[-14,-14],[-49,18],[-56,34],[-26,-26],[-43,13],[-23,23],[-19,-34],[-35,-25],[-7,-25],[-42,5],[-91,-21],[-55,33],[-66,0],[-16,-20],[-47,-2],[-46,36],[-23,-19],[-93,-49],[-57,-5],[-47,-67],[-17,-43],[-48,-25],[-35,-109],[15,-80],[-36,-75],[-44,-67],[1,-39],[-43,-24],[-70,-25],[-48,-33],[-38,-45],[2,-34],[-16,-73],[-17,-34],[-23,-11],[-18,-41],[-80,-59],[1,-86],[-31,-35],[-25,0],[-51,-47],[-32,-44]],[[22190,27682],[-100,323],[-358,-161],[-52,-22],[-256,-116],[-207,-91],[-392,-175],[-271,-93]],[[20554,27347],[-262,-86],[-63,-18],[-84,-29]],[[20145,27214],[-134,-45],[-184,-65],[-170,-55]],[[19657,27049],[-116,-39],[-5,-52],[-21,-33],[-7,-109],[3,-136],[20,-81],[47,1],[26,0],[33,-255],[-82,-96],[-41,-36],[-48,2]],[[3715,21027],[-6,-35],[35,-187]],[[3744,20805],[-64,-119],[-10,-78],[-14,-94],[-13,-164],[-14,-262],[-20,-12],[-33,-74],[37,-73],[-15,-48],[0,-41],[15,-20],[4,-50],[54,-245],[2,-85],[26,7],[44,-19]],[[3743,19428],[-105,-101]],[[3638,19327],[-38,80],[-41,12],[13,38],[-27,21],[-52,129],[12,48],[-18,98],[-32,37],[4,104],[-30,25],[8,65],[-8,78],[-17,28],[36,42],[-55,48],[-29,56],[2,30],[-45,45],[57,77],[-19,59],[0,79],[-37,38],[-48,1],[-46,23],[-25,28],[-21,58]],[[3182,20674],[-1,33],[12,108],[10,44],[39,32],[53,79],[-14,23],[2,4]],[[3283,20997],[24,19],[47,13]],[[3354,21029],[84,22],[7,41],[58,5],[105,-18],[55,-19],[52,-33]],[[3638,19327],[-171,-159]],[[3467,19168],[-10,49],[-56,11],[-51,-20],[-32,60],[-21,60],[-28,43],[-16,36],[-71,122],[-44,54],[-40,68],[-38,59],[-34,4],[-44,50],[-2,29],[-74,62],[-29,32],[-80,67]],[[2797,19954],[57,98],[-5,51],[9,42],[39,30],[33,43],[39,31],[-13,33],[-72,52],[30,5],[-10,31],[26,15],[19,7],[55,53],[22,31],[-2,39],[51,12],[35,-2],[37,49],[34,80],[1,20]],[[3507,18989],[17,-31],[92,-92],[-20,-64],[27,-43],[18,-60],[-4,-29],[43,-56],[13,-78],[-36,-85],[-2,0]],[[3655,18451],[-20,-15],[-56,52],[-16,-4],[-21,38],[-26,39],[26,66],[-6,83],[-9,28],[-35,-9],[-108,-11],[-53,3],[-9,14],[-79,-15],[-53,-29],[-65,19],[-16,-8],[-60,14],[-7,-25],[-49,8]],[[2993,18699],[-37,19],[-39,4],[-30,35],[-41,5],[-25,30],[20,36],[-19,41],[11,43],[-39,26],[-4,38],[-32,-5],[-84,38],[-23,-143],[-78,25],[-42,-10],[-26,-21],[-53,56],[-112,82],[8,80],[-18,34],[30,58],[3,28],[-35,0],[-89,27],[-71,-8],[-41,45],[-40,8]],[[2087,19270],[35,34],[67,31],[23,27],[4,29]],[[2216,19391],[52,-34],[34,-42],[43,-20],[9,16],[110,-80],[25,15],[-9,31],[98,10],[54,-5],[76,-23],[25,-19],[52,10],[-8,-22],[201,-52],[28,-27],[163,-103],[62,-13],[62,-28],[53,-10],[-18,-62],[36,7],[53,-43],[98,0],[7,17],[-18,51],[3,24]],[[2993,18699],[-4,-41],[-55,-27],[-76,-59],[-6,36],[-67,-6],[-63,7],[-25,-11],[-26,16],[-40,-12],[-58,34],[-70,-22],[-59,-49],[7,-12],[-47,-50],[-20,-54],[-29,-33],[-44,-128]],[[2311,18288],[-3,-7],[-306,168],[-313,175]],[[1689,18624],[0,77],[66,78],[-9,29],[19,57],[-7,15],[27,57],[37,141],[21,74],[29,6],[40,-12],[49,44],[39,1],[27,54],[60,25]],[[3467,19168],[15,-132],[25,-47]],[[2216,19391],[-36,43],[-32,20],[-44,54],[33,77],[-25,110],[44,24],[26,36],[-45,68],[-5,60],[-44,20],[-51,36],[0,17]],[[2037,19956],[0,36],[58,28],[97,22],[87,-26],[16,48],[38,6],[17,-14],[54,104],[-23,27],[12,39],[179,-98],[39,-48],[45,-32],[61,-30],[48,-46],[32,-18]],[[1689,18624],[-395,218],[-43,23],[-409,226],[-44,23],[66,16],[20,43],[-13,32],[-36,47],[-67,-13],[-42,8],[-21,-26],[-52,-39],[-44,1],[-21,-58],[-27,14],[23,28],[0,33],[-38,19],[6,34],[70,2],[44,13],[62,1],[17,32],[-20,46],[5,45],[69,-38],[56,-75],[38,14],[79,-77],[49,-11],[21,23],[-21,69],[-21,12],[-39,56],[36,31],[30,7],[10,41],[-42,49],[3,36],[40,55],[12,64],[-4,36],[65,65],[58,73],[88,38],[46,-39],[20,21],[12,58],[0,58],[-11,12],[-26,47],[9,23],[-49,12],[-26,33],[-112,-9],[-17,46],[-42,11],[-84,75],[-42,13],[-10,26],[-39,41],[-28,0],[-38,-25],[-40,43],[-37,0]],[[743,20306],[80,80],[53,6],[57,25],[17,-20],[123,25],[33,56],[23,5],[69,-33],[36,17],[18,49],[63,-26],[23,3],[32,48],[21,12]],[[1391,20553],[33,-32],[21,-50],[33,-17],[41,-42],[26,-11],[51,-94],[43,-53],[88,-24],[39,-30],[18,-17],[49,-15],[16,-23],[56,-42],[66,-92],[52,-53],[14,-2]],[[3655,18451],[32,-45],[29,-3]],[[3716,18403],[10,-45],[-33,-55],[4,-74],[-23,-48],[-64,-74],[-14,-52],[-69,-146],[-33,43],[12,23],[-11,32],[-52,14],[-34,29],[-204,60],[-25,-23],[-3,-39],[-35,-47],[-12,-74],[-39,-56],[3,-22]],[[3094,17849],[-178,98],[-162,89],[-445,245],[2,7]],[[4218,17231],[-322,176],[-168,93],[-307,168],[-327,181]],[[3716,18403],[19,-4],[64,-62],[4,-57],[41,-14],[35,-36],[25,-15],[5,-62],[38,-12],[40,5],[44,-200],[24,-89],[17,-46],[27,-113],[-7,-46],[17,-34],[36,-149],[73,-238]],[[16840,17783],[306,-29],[49,-97],[29,-20],[23,-52],[49,-67],[-2,-22],[28,-49],[246,-6]],[[17568,17441],[2,-100]],[[17570,17341],[-58,-14],[-54,-59],[-21,-63],[-41,-42],[50,-62],[-2,-31],[-36,-40],[33,-30],[-24,-40],[28,-52],[-10,-24],[-74,-30],[0,-33],[22,-22],[18,-46],[-65,-30],[-30,6],[-16,-37],[-39,-38],[-4,-43],[-67,5],[-28,-25],[10,-107],[-20,-170],[-343,-185],[-250,-136]],[[16549,15993],[-123,159],[-32,-26],[-50,64],[34,24],[-56,75],[-47,73],[-34,7],[-45,0],[-33,46],[-4,23],[12,42],[20,-1],[11,52],[1,55],[23,13],[31,45],[-19,48],[31,66],[-10,14],[-81,40],[-68,32],[-18,36],[-116,-17],[-22,-27],[-46,-22],[-38,-34],[-100,-64],[-28,39],[0,32],[61,307],[0,1],[0,3]],[[15803,17098],[222,-96],[63,-4],[37,-25],[52,-2],[-21,40],[-48,41],[-7,53],[-21,46],[-74,48],[-28,0],[-13,46],[-38,66],[-27,38],[39,30]],[[15939,17379],[37,26],[-15,20]],[[15961,17425],[77,68],[40,24],[7,26],[57,17],[55,42],[106,18],[-51,130],[1,1]],[[16253,17751],[111,42],[40,-100],[131,45],[217,-50],[28,5],[1,33],[21,44],[38,13]],[[17570,17341],[4,-95],[52,-53],[36,33],[27,-1],[57,18],[-4,-75],[27,-54],[-10,-58],[-22,-25],[61,-29],[39,-49],[27,-43],[33,-24],[2,-11],[47,-94],[-11,-40],[21,-64],[32,-49],[28,-82],[37,2],[10,31],[43,36],[93,-70],[31,-54],[41,22],[19,-31],[-23,-54],[3,-50]],[[18270,16378],[-53,-29],[-27,-26],[38,-67],[117,-94],[9,-36],[24,-27],[34,-98],[75,-146],[28,-58],[24,-14],[6,-43],[24,-22],[9,-47],[29,-17]],[[18607,15654],[-59,-32],[-18,4],[-44,-27],[-77,-32],[-72,6],[-40,-13],[-48,6],[-150,-29],[-32,45],[-136,-86],[77,-182]],[[18008,15314],[-46,9],[-30,-29],[-40,-58],[-76,40],[-115,128],[-13,-15],[-186,48],[-54,31],[17,-115],[56,-154],[-102,-8],[-167,-23]],[[17252,15168],[-10,21],[-35,9],[35,60],[-43,14],[-18,45],[11,55],[-13,25],[-34,5],[-31,-22],[-56,9],[-61,21],[-14,16],[-398,518],[-36,49]],[[20120,16645],[32,-51],[69,-11],[37,-68],[26,-10],[50,-104],[43,-46],[32,-1],[24,-66]],[[20433,16288],[-43,-14],[-47,-31],[-29,-31],[23,-13],[-3,-49],[-37,-23],[3,-26],[-51,-35],[-42,29],[-49,95],[-40,14],[-55,-30],[-17,-31],[-14,-83],[26,-49],[-11,-37],[-51,-37],[-17,-43],[-42,-17],[-23,39],[-7,38],[-32,7],[-35,106],[-6,67],[-19,39],[-37,-7],[-37,39],[-26,48],[0,25],[-24,23],[-24,-12],[-19,27],[-34,19],[-24,31],[-27,-30],[-42,-15],[-28,-28],[-14,41],[-63,-11],[-72,80],[27,22],[-24,19],[-35,-21],[-46,4],[-50,18],[-25,-7],[-44,71],[-31,-17],[-57,16],[-60,47],[-147,-19],[-39,-24],[-16,-27],[-77,-16],[-74,10],[-121,51],[-61,3]],[[18464,16533],[-45,79],[-33,19],[-22,33],[12,120],[-18,22],[10,75],[-22,35],[0,61],[-48,48]],[[18298,17025],[11,41],[23,30],[52,11],[28,29],[38,12],[12,19],[93,17],[-20,65],[17,45],[35,60],[19,9],[0,36],[51,41],[19,35],[-15,42],[-41,18],[-27,59],[31,32],[0,21],[-14,26],[-52,49],[-46,67],[-12,34],[-37,35],[-56,28]],[[18407,17886],[-17,76],[-24,14],[-3,30],[-25,45],[-44,110],[-57,81],[-1,25],[26,81],[61,-6],[31,58],[69,36]],[[18423,18436],[42,-31],[26,-42],[28,4],[63,-34],[27,-39],[38,-16],[-8,-30],[38,-8],[28,-22],[-6,-41],[28,-12],[80,-95],[25,23],[39,-48],[71,-5],[59,-98],[82,-15],[40,-54],[25,-3],[74,-102],[66,-114],[80,-2],[28,-38],[32,-18],[71,-4],[38,-56],[54,-17],[50,-64],[23,-64],[28,-29],[3,-57],[49,-20],[-16,-26],[29,-16],[0,-30],[11,-43],[22,-4],[50,-39],[17,-30],[-2,-69],[35,-63],[-2,-51],[34,-25],[41,-1],[32,-21],[4,-40],[41,-4],[44,-41],[42,-78],[-6,-59]],[[4003,21380],[-30,-38],[-126,-12],[-4,-1]],[[3843,21329],[-78,100],[25,55],[-26,20],[-10,45],[-29,58],[-35,46],[21,49],[-1,44],[-31,37],[31,61],[-14,31],[30,37],[-7,32]],[[3719,21944],[34,57],[34,-6],[46,64],[20,30],[-12,38],[36,23],[38,43],[82,102],[4,55],[86,1],[42,-15],[37,8],[101,-34],[45,-1]],[[4312,22309],[58,-22],[43,-27],[72,-108],[35,-22],[9,-80],[40,-111],[-27,-34],[-18,-50],[-19,-22],[24,-78],[32,-41]],[[4561,21714],[-61,-31],[-7,-3],[-95,-48],[-23,-22],[-69,-50]],[[4306,21560],[-85,27],[-38,-22],[-68,6],[-7,-68],[-35,-23],[-70,-100]],[[4312,22309],[-4,29],[48,62],[37,-4],[32,30],[56,1],[58,44],[37,-7],[31,54],[64,54],[22,5]],[[4693,22577],[23,-24],[-7,-40],[11,-44],[64,-13],[26,-13],[100,3],[92,-26],[58,-1],[13,-17],[26,36],[83,26],[34,-14],[-11,-62],[38,-6],[29,11],[19,-53],[23,6],[94,-28],[64,8],[19,14],[44,13],[24,-20],[34,-3],[6,23],[54,24],[23,-3],[27,36],[17,45]],[[5720,22455],[41,-35],[19,-40],[-9,-41]],[[5771,22339],[-107,-87],[-177,-69],[-134,-111],[-68,-36]],[[5285,22036],[-121,-60],[-143,-36],[-101,-72]],[[4920,21868],[-68,-50],[-139,-41],[-66,-20],[-86,-43]],[[3719,21944],[-66,20],[-19,28],[-33,-9],[-43,17],[-63,47],[-24,51],[-49,-16],[-26,5],[-53,-28],[-71,-6],[-23,-8],[-17,30],[-32,-5],[-38,23],[-58,-9],[-68,-21]],[[3036,22063],[-128,88],[-8,18],[-70,50],[-16,39],[-79,65],[-23,94],[-1,79],[21,26],[45,127],[79,41],[66,5],[81,39],[50,6],[25,31],[61,6],[33,16],[44,5],[97,-4],[33,-13],[25,-27],[41,-24],[27,-21],[120,-22],[36,41],[76,4],[25,-49],[20,-5],[41,1],[50,-13],[27,-18],[50,13],[31,-16],[42,0],[23,31],[68,-17],[51,20],[40,-21],[98,-3],[14,13],[73,6],[37,-8],[27,25],[18,81],[-4,33],[-75,39],[-11,73],[29,55],[34,-9],[32,8],[54,-35],[-33,-26],[1,-29]],[[4433,22881],[-16,-15],[63,-28],[48,-48],[-29,-41],[42,-73],[41,-30],[68,-11],[43,-58]],[[3354,21029],[-15,23],[7,40],[-47,20],[-9,52],[5,47],[-26,34],[-8,44],[-56,28],[30,28],[5,38],[-59,56],[3,40],[-26,21],[-62,80],[-29,79],[14,29],[-29,48],[-6,49],[-59,65],[3,87]],[[2990,21937],[26,10],[37,59],[1,33],[-18,24]],[[3843,21329],[-94,-146],[-34,-156]],[[3283,20997],[-61,49],[-39,-20],[-104,-9],[-44,0],[-55,-29],[-46,-1],[-60,15],[-29,35],[-48,39],[-54,40],[-18,27],[-29,57],[-33,85],[10,14],[-15,63],[-70,54],[-40,90],[-78,69]],[[2470,21575],[44,101],[37,48]],[[2551,21724],[26,-28],[54,39],[88,27],[64,22],[78,46],[43,13],[31,40],[9,33],[46,21]],[[1391,20553],[-8,39],[-27,43],[127,74],[251,172],[158,107],[239,120]],[[2131,21108],[30,26],[49,87],[26,50],[14,92],[67,30],[105,89],[48,93]],[[2131,21108],[-143,359],[-34,16],[-21,29],[0,34],[-38,59],[-30,26],[11,21],[-12,54],[-123,-75],[-49,-3],[-51,-16],[-43,36],[-1,30],[-52,59],[-109,44],[-10,12],[-5,66],[-84,4],[-65,81],[-25,20],[-60,20]],[[1187,21984],[79,86],[72,51],[25,64],[31,59],[3,69],[-66,2],[-40,-16],[-28,-46],[-64,-32],[-23,-36],[-40,45],[-64,43],[-19,2],[-35,-54],[-19,-1],[-59,60],[-6,22],[9,55],[92,-16],[23,10],[34,63],[35,-2],[36,30],[5,53],[-19,36],[16,13],[67,-15],[35,-35],[83,-27],[24,-42],[43,25],[19,76],[-7,69],[50,31],[17,36],[29,-33],[-22,-35],[-36,-99],[-12,-107],[-50,-50],[-6,-23],[21,-20],[15,-58],[40,-21],[41,16],[51,-29],[53,17],[50,3],[1,-31],[27,-9],[5,-32],[70,-37],[66,-82],[33,-1],[25,-2],[57,-27],[14,32],[-45,21],[114,76],[-2,-32],[32,-43],[39,-15],[3,-100],[68,-47],[18,18],[2,68],[81,27],[0,73],[-30,23],[10,27],[50,10],[17,-15],[78,-16],[62,10],[2,-53],[28,-12],[-16,-39],[35,-38],[26,-8],[-1,-35],[15,-36],[55,29],[25,-7],[17,-39],[-20,-30],[-47,2],[-37,-51],[-13,-66],[17,-12]],[[822,22049],[10,-4],[-92,-82],[3,65],[79,21]],[[459,22290],[30,-24],[69,-86],[56,-32],[31,-88],[28,-31],[-51,-65],[-110,-38],[-20,1],[-76,-22],[-41,-5],[-82,8],[-18,30],[-48,44],[-22,-5],[-61,37],[-39,-15],[-16,34],[-23,-9],[-37,16],[43,27],[-16,79],[38,-13],[5,40],[31,26],[34,-15],[26,-37],[38,8],[13,23],[57,28],[73,8],[63,68],[25,8]],[[1324,22692],[17,-37],[-23,-48],[-22,9],[13,76],[15,0]],[[3952,25145],[36,0],[43,50],[47,10],[76,35],[23,-11],[79,46],[-2,-34],[46,-28],[82,25],[31,16],[16,38],[46,-13],[37,48],[27,-13],[29,27],[47,-3],[27,-39],[33,44],[3,-1]],[[4678,25342],[7,-17],[42,-7],[10,-70],[-13,-61],[-3,-34],[-33,-32],[5,-22],[-40,-102],[-57,-56],[-99,-32],[-25,1],[-16,-17],[-111,-43],[-27,8]],[[4318,24858],[-27,58],[-12,29],[-37,-9],[-80,1],[-102,-12],[-140,22]],[[3920,24947],[15,52],[-9,17],[26,129],[0,0]],[[4678,25342],[-3,75],[-27,33]],[[4648,25450],[41,20],[39,2],[44,-17],[29,7],[5,-4],[65,4],[-1,25],[43,14],[2,31],[57,-15],[4,22],[82,-3],[0,29],[33,14],[19,-17],[42,-45],[20,-5],[53,29],[42,-6]],[[5267,25535],[-33,-104],[-20,-34],[24,-19],[-39,-73],[-21,-5]],[[5178,25300],[-42,-5],[-99,-52],[-6,-31],[-55,-28],[-70,-76],[-9,-49],[12,-17],[-10,-52],[15,-56],[-25,-24],[-10,-32],[-36,-47],[13,-28]],[[4856,24803],[-52,-70],[-18,-74],[-42,-7],[-53,19],[-50,-28],[-22,-37],[-30,19],[-54,-36],[-16,-28],[-28,-6],[-12,-26],[-87,-43],[-16,25],[0,33],[-31,3],[-35,-30],[-36,-2],[-8,-26],[28,-53],[11,-55]],[[4305,24381],[-37,-9],[-52,77],[-20,23]],[[4196,24472],[-34,36],[-50,29],[24,25],[37,50],[30,67],[-7,53],[48,47],[19,51],[55,28]],[[3391,24301],[-58,-21],[-24,30],[-1,72],[-32,18],[-39,-22],[-77,38]],[[3160,24416],[45,57],[-45,43],[59,29],[-6,23],[28,20],[7,86],[18,20],[15,47],[24,-3]],[[3305,24738],[38,-36],[62,-37],[12,-17],[36,28],[-12,41],[30,2],[47,25],[36,-3],[30,2],[24,43],[-5,37],[39,23],[72,20],[35,-6],[49,30],[95,1],[18,24]],[[3911,24915],[3,-70],[-43,-17],[-23,-53],[5,-28],[-28,-44],[-38,-65],[-50,-61],[-80,-59],[-9,-20]],[[3648,24498],[-82,17],[-31,51],[-28,-23],[-48,-39],[17,-42],[-45,-98],[0,-34],[-40,-29]],[[3920,24947],[-9,-32]],[[3305,24738],[-17,51],[10,71],[-17,73],[10,36]],[[3291,24969],[22,28],[62,2],[63,54],[1,41],[59,12],[34,21],[95,25],[85,12],[145,-16],[10,13],[67,12]],[[3934,25173],[18,-28]],[[4196,24472],[-46,-12],[-39,-68],[-78,3],[-13,32],[-26,17],[-40,-11],[-50,-16],[-120,50],[-3,5],[-65,24],[-68,2]],[[2521,28738],[-19,26],[14,25],[-23,17],[0,40],[35,17],[0,41],[61,58],[92,27],[17,27],[-1,70],[30,91],[-8,39],[32,3],[9,28],[35,22],[75,131],[18,121],[26,73],[9,53],[-8,30],[4,102],[19,99],[5,55],[40,100],[14,62],[53,49],[26,42],[12,47],[37,50],[257,-23],[28,250]],[[3410,30510],[104,-130],[54,-69],[40,-37],[83,-60],[51,-14],[63,-34],[46,-3],[-59,-142],[30,-18],[109,-148]],[[3931,29855],[64,-92],[124,-150],[42,-60],[106,-142],[23,-18],[131,-71],[48,18],[44,-2],[65,-52],[17,-50],[-72,-68],[11,-47],[37,-92],[-4,-20]],[[4567,29009],[5,-28]],[[4572,28981],[-15,-29],[-37,-8],[-54,24],[-37,-32],[-6,9],[-83,-25],[0,0],[2,-4],[-40,-27],[-80,-22],[-52,-28],[-42,-33],[-63,-56],[-122,-69],[-27,58],[-38,29],[-28,-6],[-11,-27],[-68,45],[-7,17],[-3,-5],[0,0],[-19,-62],[19,-23],[-10,-46]],[[3751,28661],[-25,25],[-65,3],[-63,-17],[-66,-8],[-74,-47],[-59,-13]],[[3399,28604],[-30,-4],[-29,34],[-42,28],[-67,-3],[-43,24],[-76,-15],[-14,-47],[2,-65],[-15,-13],[-51,-13],[-26,29],[-68,22],[-10,26],[-56,18],[-58,8],[-21,38],[-30,-7],[-68,62],[-47,3],[-82,17],[-47,-8]],[[3399,28604],[-53,-94],[-14,-55],[-29,-57],[12,-53],[-9,-75],[-36,-17],[-17,-51],[-26,-20]],[[3227,28182],[-34,-21],[-66,-8],[-26,-31],[-52,-35],[-15,-45]],[[3034,28042],[-39,29],[-47,22],[-70,19],[-27,-24],[-9,-35],[-29,-22],[-95,51],[-28,-2],[-93,-41],[-15,-21],[-11,-37],[-31,-34]],[[2540,27947],[-38,94],[-5,19],[36,41],[-19,53],[-47,132],[80,20],[72,-7],[12,46],[-4,37],[-51,86],[1,38],[-64,0],[-12,-32],[-29,-26],[-33,-1],[-62,57],[-21,36],[-65,-7],[-53,26]],[[2238,28559],[63,51],[18,50],[39,-16],[0,39],[29,19],[38,-8],[96,44]],[[3751,28661],[49,-27],[16,-45],[-10,-41],[13,-18],[-8,-47],[36,-63],[-2,-88],[-16,-29]],[[3829,28303],[-33,37],[-26,13],[-46,-28],[-93,-111],[45,-45],[39,-55],[41,-41],[15,-59],[47,19],[25,-29],[35,-17],[35,-71],[3,-52]],[[3916,27864],[-86,-72],[-51,-18],[-15,-58],[-37,-42],[-97,-38],[-46,-26],[-53,43],[-60,9],[-57,-39],[-52,-46],[-40,47],[-12,32],[-46,42],[-27,26],[-30,54],[-26,91],[-30,30],[-8,39],[50,45],[55,9],[28,24],[24,53],[-57,48],[-16,65]],[[3034,28042],[-26,-50],[0,-45],[25,-15],[11,-51],[5,-29],[-66,-112],[8,-36],[-9,-92],[54,4],[6,-18],[2,-67],[-47,-40],[56,-24],[101,2],[31,-22],[-35,-43],[-58,-2],[-60,-47],[-11,-26],[26,-92],[-2,-41],[73,-30],[78,-12],[80,-38],[55,-1],[6,-45],[-14,-28],[-70,-71],[0,-12]],[[3253,26959],[-36,-17],[-39,-38],[2,-30],[-33,-58],[-27,22],[-57,12],[-43,44],[-48,-4],[-13,44],[-59,95],[-59,-18],[-23,-14],[-39,-47],[-40,-5],[-1,0],[-40,1],[-38,-25],[-50,11],[-57,49],[-80,1],[-73,-41]],[[2400,26941],[-8,7],[-25,103],[7,34],[22,21],[73,7],[16,14],[-7,50],[-31,33],[-51,103],[-18,8],[0,-1],[-104,111],[46,94],[-32,52],[-1,95]],[[2287,27672],[30,-2],[15,30],[0,55],[29,56],[-3,43],[18,15],[164,78]],[[3916,27864],[26,-44],[14,-78],[-7,-69],[9,-47],[10,-34],[-23,-43],[2,-59],[21,-88],[-14,-108],[-16,-26],[9,-81],[-31,-13],[-42,-83],[-3,-42],[-43,-10],[-17,-37],[-25,-4],[-40,-54],[-33,3],[-25,-41]],[[3688,26906],[-74,-17],[-25,-74],[-42,41],[-56,-36],[-26,-40],[14,-15],[-16,-70]],[[3463,26695],[-14,32],[-37,30],[-4,119],[-31,16],[-55,1],[-69,66]],[[3829,28303],[46,-33],[41,1],[47,33],[28,56],[56,22],[80,-40],[35,-48],[60,-43],[42,-4],[29,11],[12,30],[43,19]],[[4348,28307],[-3,-57],[-22,-116],[-7,-89],[31,-81],[24,-95],[-20,-53],[34,-59],[38,-29],[18,-41],[98,-78],[-45,15],[-44,-9],[-43,60],[-33,-13],[-97,-24],[-26,-50],[-54,-56],[-29,-9],[-15,-35],[21,-81],[66,40],[78,4],[9,-34],[-3,-97]],[[4324,27320],[-41,-14],[-26,-27],[-23,-70],[-32,-37],[-35,-22],[-18,17],[-46,-32],[-39,16],[-42,-43],[-1,-24],[-28,-45]],[[3993,27039],[-70,-12],[16,-49],[-22,-13],[-42,-59],[-37,1],[-26,-38],[-23,13],[-34,-29],[-60,11],[-7,42]],[[4572,28981],[16,-45],[31,-20],[0,-30],[35,-91],[-16,-79]],[[4638,28716],[-6,-24],[-35,-28],[19,-109],[71,-60],[6,-24]],[[4693,28471],[-75,-7],[-76,9],[-35,-17],[-71,-47],[-34,-28],[-54,-74]],[[4638,28716],[75,21],[256,79],[1,0],[230,111],[83,45],[27,-7],[41,87],[48,-2],[86,21],[-5,25],[113,33],[-8,-25],[71,14],[113,22]],[[5769,29140],[-10,-67],[-24,-59],[4,-14],[59,-39],[7,-41],[4,-81],[24,-40],[51,-7],[14,-36],[41,-56],[29,-6],[39,-27],[0,-48],[20,-26],[-11,-28],[7,-58],[-25,-21]],[[5998,28486],[-45,7],[-34,-7],[-47,-36],[16,-24],[-78,-6],[8,-19],[-42,-16],[-45,56],[-26,-34],[-39,-20],[-43,16],[-36,41],[-23,-9],[-24,20],[-41,-21],[-47,-1],[-23,-15],[-33,16],[-48,-59],[-27,5],[-40,-23],[-35,-68],[43,-87],[-28,-44],[-22,0],[-18,-37],[-22,-3],[-17,-32],[-68,2],[-26,22],[-27,-18],[-30,-23],[-96,10],[-27,-41],[-39,-35],[-46,-20]],[[4823,27983],[-53,21],[-27,18],[-5,62],[-14,20],[17,43],[2,82],[-13,50],[-33,20],[-17,27],[28,77],[-15,68]],[[5998,28486],[-42,-74],[23,-49],[-5,-40],[-20,-15],[5,-57],[-7,-50],[-44,-69],[-32,-31],[-1,-45],[1,-112],[11,-41],[11,-14],[-12,-46]],[[5886,27843],[-1,-39],[-32,-21],[-21,-60],[-23,-16],[-137,123],[-39,-38],[-75,-16],[-35,-44],[-55,-47],[-34,6],[-26,-14],[-41,1],[-48,-22],[-77,-62],[-72,22],[-44,46],[-40,11],[5,-15]],[[5091,27658],[-26,-27],[-70,-14],[-20,-36],[-74,-5],[-29,-64],[-46,28],[-11,-18],[-51,4],[-61,-13],[-76,-62],[1,-73],[-2,-28],[-47,-49],[-33,-64],[-59,23],[-41,-30],[-40,-10],[-53,-71],[-31,-15],[-1,-62],[0,-37],[-19,-23],[-42,-12]],[[4260,27000],[-42,4],[-118,37],[-17,-20],[-66,-7],[-24,25]],[[4324,27320],[54,48],[30,42],[-6,38],[31,2],[42,46],[51,13],[48,42],[63,14],[11,3],[-60,64],[30,45],[23,-6],[30,47],[44,12],[50,40],[5,42],[17,17],[-18,52],[32,37],[22,65]],[[5769,29140],[26,44],[29,-9],[115,46],[62,-30],[67,11],[40,-30],[-9,-28],[27,-34],[60,-14],[26,-25],[63,41]],[[6275,29112],[13,-158],[18,-70],[29,-100],[3,48],[32,13],[73,-18],[-3,-410],[-3,-48],[62,4],[-2,-197],[1,-157],[-20,-30],[15,-17]],[[6493,27972],[-26,-25],[-42,8],[-46,-32],[-48,-5],[-42,-37],[-3,-28],[-60,30],[-82,-84],[-80,-2],[-59,13],[-52,-6],[-8,20],[-59,19]],[[5091,27658],[24,-21],[-242,-279]],[[4873,27358],[94,-68],[22,-27],[73,-40],[100,-80],[11,-76],[39,-35],[0,0],[53,-53],[74,-127],[72,-139],[19,-36],[1,-70],[-6,-166]],[[5425,26441],[-69,-4],[-17,66],[-54,69],[-36,13],[-33,-19],[-21,11],[-33,-15],[-17,-35],[-58,-43],[-56,9],[-44,-30],[7,-53],[-37,-4],[-48,12],[-21,17],[-67,-67],[-37,-16],[-22,-40],[-81,-51],[-70,-14],[-50,3]],[[4561,26250],[-109,134]],[[4452,26384],[-24,45],[-88,96],[-15,10],[-65,-11],[-75,28],[-2,37],[-25,21],[-15,51],[-36,5],[76,68],[1,38],[67,83],[36,32],[-27,113]],[[4561,26250],[-55,-66],[-1,0],[42,-34],[17,-71],[-28,-70],[-36,-47],[-33,3],[-17,-118],[-46,-20],[-40,-6],[-16,21],[-106,3],[-105,-42],[-14,-31]],[[4123,25772],[-23,8],[-16,60],[14,31],[-23,8],[-101,-48],[-35,-8],[-20,-34],[-93,-33],[-46,16],[-54,-21],[-39,-48],[10,-65],[37,-16],[16,-52],[-27,-41]],[[3723,25529],[-51,13],[-37,20],[24,-85],[-47,-32],[-42,29],[-8,8]],[[3562,25482],[-1,94],[-12,25],[53,68],[-6,45],[-41,36],[16,84],[31,26],[-12,76],[-11,11]],[[3579,25947],[40,29],[34,-16],[21,60]],[[3674,26020],[16,18],[107,40],[45,23],[76,-52],[156,53],[39,58],[18,9],[4,45],[61,55],[57,-9],[39,9],[59,35],[12,22],[67,27],[22,31]],[[3674,26020],[-18,12],[-16,54],[62,87],[56,21],[30,61],[-36,73],[-55,-5],[-52,78],[-14,-8],[-49,41],[-36,51],[-46,-3],[-81,25],[-21,89]],[[3398,26596],[31,20],[32,37],[2,42]],[[2892,26094],[-18,14],[-43,-46],[-33,-72],[-53,-88],[45,-62],[71,-85],[39,-69],[-8,-49],[-21,1],[-75,-60],[-65,-10],[-12,8]],[[2719,25576],[-22,44],[-21,15],[-79,-29],[-39,-44],[-42,-19],[-51,-72],[-87,-38],[-16,1],[35,85],[5,59],[-8,47],[-38,64],[75,25],[13,31],[-12,51],[19,70],[-54,42],[-12,22]],[[2385,25930],[41,39]],[[2426,25969],[54,12],[45,22],[-2,23],[21,44],[-14,45],[-37,40],[32,52],[26,26],[95,18],[37,27],[39,10],[85,37],[69,13],[10,102],[21,-3],[33,0],[52,26],[14,-32],[60,0],[8,34],[58,60],[33,8],[32,-28],[60,8]],[[3257,26513],[57,-4],[36,-44],[-36,-51],[-8,-38],[-64,-46],[-80,-25],[-54,-10],[-17,-24],[-40,-9],[50,-62],[-47,-9],[-52,15],[-66,-52],[-44,-60]],[[30603,3384],[-38,0],[-37,-20],[16,-31],[-50,-5],[-25,-14],[-31,13],[-22,9],[-60,-11],[-81,-4]],[[30275,3321],[6,26],[88,155],[4,8],[10,0],[92,-9],[39,-26],[-7,-73],[96,-18]],[[7372,22668],[23,-16],[41,6],[44,-39],[33,-65],[5,-31],[87,7],[35,-21],[25,7],[39,-14],[18,19],[40,-14],[32,16],[54,7],[34,26],[29,-2],[57,34],[71,77]],[[8039,22665],[45,-71]],[[8084,22594],[-51,-64],[-25,-11],[-82,-81],[-29,-46],[-24,-14],[-47,28],[-74,-22],[-37,17],[-29,-18],[-70,-1],[-14,-12],[-61,-9],[-87,16],[-59,-68],[-37,-10],[-23,-22],[-47,-12],[-67,15],[-18,23],[-64,3],[-75,-34],[-55,22],[-71,-18],[-25,10],[-23,-43],[-49,-128],[-60,-66],[72,-26],[-31,-40],[-44,-1],[-56,-21],[-15,11],[-54,-20],[-10,10]],[[6643,21962],[-16,7],[-33,45],[-81,50],[-42,6],[-41,34],[-35,-50],[-38,34],[-52,2],[-41,-33],[-93,-24],[-24,-25],[-31,10]],[[6116,22018],[0,48],[15,32],[-12,26],[22,34],[-14,64],[62,106],[33,43],[16,40],[38,22],[24,33],[22,6],[62,-10],[30,38],[37,20],[-11,87],[-34,41],[-73,17],[12,63],[24,-3],[40,33],[33,-10],[59,22],[33,-6],[37,13]],[[6571,22777],[50,3],[96,63],[93,-10],[40,-14],[50,-11],[40,-37],[14,-34],[3,-49],[18,-30],[-17,-36],[-54,-51],[15,-24],[44,6],[16,-60],[-66,-79],[29,-40],[42,-26],[55,23],[46,5],[39,43],[48,-20],[96,20],[12,27],[-38,54],[61,50],[-34,39],[15,23],[37,11],[51,45]],[[32952,16760],[14,-40],[60,-98],[13,-31],[14,-45],[17,-109],[26,-87],[39,-98],[31,-64],[25,-96],[67,-180],[60,-114],[-8,-89],[7,-69],[24,-62],[38,-74],[14,-44],[-8,-49],[-32,-58],[-23,-72],[-2,-61],[18,-182],[2,-86],[17,-46],[72,-87],[38,-78],[10,-56],[-7,-117]],[[33478,14568],[-610,6],[-57,275],[-69,179],[-390,0],[-108,-2],[-503,1],[-401,0],[-510,-1],[-651,0],[-569,0],[-751,0],[-163,-172],[-21,-10],[-26,-40],[-153,-110],[-44,-46],[-35,-85],[-62,-33],[-33,-56],[-119,-170],[-29,-60],[-55,-149],[0,-63],[-13,-62],[-30,-5],[-73,22],[-97,10],[-38,34],[-30,-14],[-125,82],[-89,23],[-53,27],[-34,28],[-39,12],[-53,41],[-34,78],[-78,19],[-21,31],[-137,45]],[[27175,14403],[32,63],[-161,580],[-142,517],[30,32],[85,46],[32,-10],[41,25],[30,38],[-16,232],[-43,559]],[[27063,16485],[-33,718],[-30,641],[-4,44],[-20,5],[-6,105],[-44,839]],[[26926,18837],[-11,160]],[[26915,18997],[505,-86],[177,-32],[359,-62],[418,-66],[415,-75],[703,-133],[379,-73],[633,-128],[105,-10],[623,-50],[18,-40],[236,-490],[462,1],[-9,83],[-53,115],[-25,84],[-45,98],[301,9],[107,-5],[131,-91],[102,48],[232,96]],[[32689,18190],[58,-164],[12,-82],[31,-1],[-4,-119],[-28,-96],[-12,-69],[3,-60],[60,-111],[13,-95],[41,-179],[50,-202],[27,-120],[12,-132]],[[37714,12985],[-17,9],[-13,49],[35,-7],[-5,-51]],[[38103,13232],[30,-5],[29,-41],[-44,-25],[-39,16],[-13,34],[37,21]],[[37762,13279],[29,-31],[-56,-34],[-4,54],[31,11]],[[38549,13534],[6,-58],[26,-18],[27,16],[35,-8],[14,-44],[-62,-13],[-71,30],[0,45],[25,50]],[[38437,13743],[75,7],[60,-20],[-26,-36],[20,-31],[29,25],[29,-13],[-5,-24],[81,-28],[10,-31],[-40,-64],[-30,3],[-30,-21],[-21,10],[-21,53],[-69,23],[-56,3],[-87,-94],[5,-29],[30,-7],[29,-62],[-25,-41],[41,-20],[-13,-46],[-74,-19],[-39,20],[-28,45],[-1,54],[-32,21],[-3,-75],[-115,-42],[-2,74],[-12,48],[-23,11],[-59,1],[-51,-38],[-34,-14],[-13,-23],[-43,3],[-15,-22],[47,-34],[-8,-23],[-87,-7],[-2,15],[-63,26],[1,40],[-16,28],[-63,21],[0,26],[32,32],[70,23],[34,-4],[10,-39],[40,-43],[-11,71],[12,26],[73,-20],[19,22],[103,59],[56,-5],[32,-16],[47,52],[34,6],[42,64],[-12,29],[8,29],[45,9],[32,-8],[25,21],[10,34],[45,-12],[3,-23]],[[38962,13064],[-72,-70],[-25,8],[48,48],[20,41],[40,29],[15,32],[97,97],[17,-17],[-77,-75],[-18,-38],[-45,-55]],[[38932,13986],[20,-3],[23,-45],[-47,8],[4,40]],[[38931,14009],[5,50],[43,-49],[-48,-1]],[[39335,14012],[-5,53],[53,40],[38,50],[17,6],[31,47],[15,-22],[-23,-31],[-35,-23],[-45,-70],[-46,-50]],[[40221,14899],[-33,-42],[-42,-18],[-20,-31],[-81,-67],[-19,-22],[-24,18],[70,63],[2,18],[42,27],[64,28],[15,33],[26,-7]],[[40859,15846],[29,-16],[-19,-41],[-96,-72],[-7,-15],[-65,-50],[-78,-88],[-12,-25],[-46,-54],[-44,-78],[0,-17],[-87,-46],[-32,-51],[-49,-34],[-31,-46],[-52,-44],[-45,-63],[-64,-30],[-20,-31],[2,-51],[-93,-86],[-33,-39],[-37,-22],[4,-35],[-50,-58],[-23,40],[-46,0],[32,-51],[43,0],[8,-19],[-48,-22],[-115,-111],[-32,-84],[-42,-5],[-35,-27],[-35,-58],[-43,-42],[-7,-51],[-47,-32],[-49,-12],[-37,-24],[0,-17],[-86,24],[9,26],[-21,79],[-40,-5],[-58,23],[-41,-23],[-38,-49],[-38,-11],[-17,57],[75,44],[15,31],[-13,35],[-63,13],[14,41],[-30,25],[-32,5],[-30,-15],[0,44],[-22,24],[-62,-39],[-34,4],[-26,-57],[-25,-5],[-25,-37],[-78,-38],[-4,-27],[-51,-8],[10,-34],[-60,-54],[-87,-55],[-16,-20],[-65,12],[-17,-47],[-82,32],[-6,-25],[-40,-13],[-28,6],[-47,-37],[-26,0],[-55,-37],[-25,-34],[-13,-55],[-66,-42],[0,-37],[-39,-15],[-51,-80],[-1,-33],[-37,-27],[-19,22],[-31,-45],[-47,4],[11,53],[-15,15],[-91,-13],[-6,55],[-37,25],[31,75],[-19,65],[20,49],[23,10],[-11,44],[7,29],[-6,68],[-33,39],[4,20],[36,29],[60,74],[7,23],[43,24],[4,38],[109,51],[86,61],[23,29],[-1,34],[-26,17],[-4,32],[-31,6],[-16,-20],[2,-37],[-53,-35],[-36,-47],[-72,-19],[-11,23],[-58,-95],[-53,-11],[17,-75],[-25,-8],[-30,19],[-83,-92],[12,-95],[36,-14],[-31,-38],[-2,-45],[21,-30],[-23,-21],[-21,-44],[3,-50],[-37,-33],[-23,-47],[-4,-65],[22,-6],[25,-61],[-12,-24],[9,-88],[-3,-34],[-49,15],[2,-43],[-37,1],[-36,53],[8,31],[23,10],[-11,36],[-31,47],[-57,31],[-22,24],[4,25],[31,5],[3,27],[50,16],[1,41],[-34,-8],[-52,12],[11,43],[-31,58],[-48,15],[-46,-9],[-22,15],[-62,-12],[-21,8],[-26,44],[0,94],[-25,39],[-18,-31],[9,-30],[-31,-21],[-51,10],[17,50],[-30,35],[-8,33],[-50,10],[31,-78],[-73,-1],[-72,36],[-19,30],[-25,-32],[-29,11],[-2,28],[-66,2],[-98,19]],[[36635,14335],[-22,44],[-89,11],[-29,53],[50,213],[-182,432]],[[36363,15088],[678,312],[293,138],[380,33],[992,87],[215,18],[409,42],[396,29],[322,28],[811,71]],[[38731,14140],[-29,-29],[-30,53],[61,-8],[-2,-16]],[[38743,14256],[46,-3],[-28,-47],[-65,-12],[-62,18],[19,29],[39,22],[51,-7]],[[36635,14335],[14,-23],[79,-35],[3,-19],[59,-44],[53,-21],[35,-40],[32,1],[34,-27],[39,17],[26,-4],[81,-63],[47,-23],[12,-17],[40,-5],[2,-41],[-82,-9],[-28,-16],[-66,-3],[-71,-42],[46,-9],[38,19],[77,-21],[12,33],[60,4],[34,-15],[69,34],[46,-18],[-12,-67],[-4,-110],[-41,22],[-30,34],[-23,-31],[6,-31],[38,-22],[-54,-21],[-32,-41],[-50,-27],[20,-21],[87,48],[12,-52],[64,12],[20,-37],[55,-67],[-11,-34],[9,-67],[-10,-42],[2,-68],[13,-76],[19,-11],[-4,-52],[11,-29],[-16,-64],[-2,-57],[20,-71],[4,-67],[10,-47],[-86,46],[-16,52],[-32,0],[-47,27],[4,43],[-27,-1],[-19,-36],[-40,-9],[-12,-25],[46,-14],[-1,-42],[-75,18],[-17,-21],[69,-27],[-1,-28],[-41,-15],[-48,-60],[-49,21],[-35,-7],[-64,-38],[3,52],[-48,27],[-28,-5],[-79,-46],[-3,29],[-37,-6],[27,-67],[-25,-29],[-44,-29],[-33,22],[-52,16],[-5,-36],[-76,8],[-26,11],[-20,40],[-76,42],[-25,57],[-34,11],[-10,37],[-44,21],[-51,61],[45,-78],[31,-12],[45,-63],[16,-71],[-3,-27],[90,6],[35,-48],[-31,-8],[-4,-70],[-16,-67],[33,-10],[27,-32],[2,-25],[30,-25],[2,-38],[95,-62],[38,0],[95,44],[28,-14],[21,-114],[-63,20],[-61,28],[-81,-59],[-40,19],[4,-45],[43,-40],[-1,-41],[38,-36],[-29,-9],[-27,-39],[7,-41],[59,33],[26,60],[22,24],[-3,39],[40,25],[60,-32],[39,0],[45,-81],[-14,-114],[-43,-24],[-65,-56],[-72,-48],[-65,-60],[-26,-41],[-8,-69],[-17,-17],[-92,8],[-17,-13]],[[36488,11629],[-36,17],[-393,-62],[-322,94],[-10,3],[-876,257],[16,-15],[-8,-33],[-62,-47],[-123,-43],[-15,-23],[-43,29],[-47,-9],[-20,-3],[-26,29],[-41,-9],[-34,30],[-68,24],[-36,41],[6,33],[-429,7],[-101,2],[-1,588],[-1,174],[-6,76],[-30,158],[-127,706],[-35,193]],[[33620,13846],[185,87],[109,48],[91,30],[20,7],[399,187],[666,305],[125,55],[0,1],[535,239],[613,283]],[[37531,12482],[49,-23],[18,16],[46,-20],[-8,-33],[-47,-44],[-98,-40],[-43,-2],[-47,23],[-16,42],[49,54],[33,5],[31,30],[33,-8]],[[37349,12571],[54,-83],[-33,-37],[-21,19],[-93,7],[-94,-15],[-85,-40],[-90,-56],[-50,-53],[-55,-46],[-32,0],[4,59],[-5,149],[21,18],[8,41],[52,27],[24,-17],[53,-1],[-8,35],[-45,10],[-40,30],[31,20],[50,-3],[15,16],[67,11],[49,-10],[50,17],[19,-5],[53,67],[30,-27],[11,-33],[35,-33],[25,-67]],[[37694,12854],[17,-9],[10,-62],[47,-74],[12,-46],[-8,-27],[-40,-45],[-29,-44],[-33,6],[-52,-45],[-55,35],[-47,-13],[-47,14],[-51,83],[-53,70],[-39,84],[3,74],[71,-20],[43,-22],[33,-34],[44,-7],[-27,-29],[-6,-73],[43,31],[19,63],[25,23],[40,14],[47,-56],[-25,-15],[-12,-32],[12,-38],[32,7],[11,33],[30,16],[-27,57],[21,15],[-16,31],[7,35]],[[36716,12576],[-25,-76],[-30,22],[55,54]],[[26915,18997],[-161,329],[-393,803]],[[26361,20129],[-25,50],[-9,11],[-225,459],[-336,557],[-407,663],[-71,135],[-453,751],[-50,76],[-163,268],[-38,67],[-120,196],[-376,626],[-83,134]],[[24005,24122],[3,5]],[[24008,24127],[42,-19],[59,8],[70,-62],[32,0],[125,46],[24,22],[12,53],[73,-15],[38,19],[63,-12],[60,44],[-8,52],[60,16],[5,58],[36,63],[105,-8],[68,-30],[45,-10],[45,-32],[47,22],[23,-2],[68,-48],[77,-79],[48,6],[45,34],[145,-48],[21,22],[-2,39],[26,7],[22,-35],[112,-73],[61,-9]],[[25655,24156],[62,-42],[33,7],[72,-23],[49,22],[22,-4],[78,-53],[39,-1],[42,-21],[51,-12],[108,-44],[30,8],[61,-15],[57,24],[48,-18],[63,-6],[75,2],[61,16],[68,48],[47,-64],[48,-22],[20,-2],[40,41],[63,23],[43,37],[61,33],[-1,58],[85,60],[45,8],[40,-17],[32,25],[21,49],[15,3],[36,-23],[23,-32],[53,-16],[30,15],[77,16],[43,-19],[14,-44],[60,-49],[31,-55],[55,-38],[22,-45],[34,-43],[76,-48],[-9,-44],[63,13],[16,-20],[-17,-36],[11,-29],[48,-10],[20,33],[35,21],[79,-9],[41,-40],[38,4],[58,-33],[93,4],[17,44],[27,20],[27,-28],[65,-37],[38,7],[78,-26],[70,9],[33,19],[42,4],[48,-18],[18,26],[24,1],[39,-28],[40,27],[10,-22],[45,-34],[12,-24],[-7,-46],[50,0],[31,-42],[28,40],[30,14],[67,-61],[33,-44],[34,-27],[20,-36],[45,-15],[28,36],[60,-36],[54,28],[44,-5],[13,-17],[46,-48],[40,-57],[63,5],[10,-44],[59,-16],[26,-94],[18,-21],[53,4],[15,-31],[36,6],[40,-53],[5,-44],[31,-23],[-4,-45],[39,-6],[-26,-46],[-10,-37],[17,-15],[42,26],[17,38],[56,-46],[32,28],[45,-56],[11,-59],[-6,-47],[31,-3],[11,-38],[47,-8],[56,-43],[5,-37],[23,-1],[25,-35],[31,-3],[-10,-59],[11,-74],[28,-21],[-12,-27],[9,-37],[41,-12],[-16,-33],[14,-28],[43,-18]],[[30418,22320],[-21,-22],[9,-64],[-19,-60],[14,-16],[42,3],[0,-56],[42,17],[4,-26],[34,-22],[-36,-50],[11,-47],[-9,-38],[10,-33],[24,-22],[31,0],[7,-30],[-27,-30],[36,-20],[161,68],[65,36],[41,2],[45,-42],[34,-65],[59,-39],[40,-67],[-4,-57],[15,-9],[105,15],[60,-23],[80,-67],[186,-108],[47,-57],[17,-41],[5,-53],[-10,-43],[7,-47],[9,-22],[64,-57],[28,-47]],[[31624,21081],[11,-20],[9,-85],[30,-56],[34,-43],[10,-43],[3,-104],[36,-45],[21,-57],[-2,-30],[-26,-87],[8,-17],[71,-95],[34,-68],[32,-115],[63,-90],[10,-67],[-2,-74],[12,-113],[-13,-49],[9,-36],[43,-39],[34,-54],[47,-147],[31,-47],[20,-55],[7,-50],[-4,-67],[-18,-65],[1,-31],[58,-84],[53,-107],[33,-78],[184,-338],[27,-90],[27,-38],[55,-103],[106,-175],[11,-29]],[[3579,25947],[-24,21],[-52,-41],[-31,5],[-15,-25],[-95,-1],[-64,41],[-32,-19],[-103,-9],[-55,15],[-59,-11],[-19,66],[-63,11],[-53,28],[-4,44],[-18,22]],[[3257,26513],[13,34],[25,12],[23,33],[20,-31],[48,41],[12,-6]],[[2426,25969],[-12,39],[-60,51],[-20,35],[-38,12]],[[2296,26106],[38,25],[21,34],[13,89],[51,27],[18,33],[-5,66],[95,34],[39,29],[-51,39],[-26,33],[-83,52],[-46,13],[-29,33],[-92,1],[-39,50],[-57,51]],[[2143,26715],[71,62],[45,28],[14,74],[17,13],[35,12],[29,-10],[40,17],[6,30]],[[20124,7848],[507,38],[6,-3],[23,-7],[42,29],[36,-3],[95,-61],[27,-38],[84,17],[27,69],[0,88]],[[20971,7977],[756,-36],[740,-35],[3,-2],[2,-538]],[[22472,7366],[-1,-553],[-76,-4],[2,-310],[79,-3],[1,-274],[-8,-823],[1,-546],[656,-106],[-54,-218],[-84,-485],[-133,-338]],[[22855,3706],[-596,408],[-531,365],[-429,294],[-697,477],[-127,314],[-47,217],[-19,61],[-9,92],[-21,12],[-88,18],[-44,47],[-128,13],[-39,38],[-27,40],[-24,-2],[-33,43],[-56,1],[-107,-74],[-35,1],[-36,-19],[-45,-4],[-21,-15],[-67,16],[-19,17],[22,52],[-7,23],[37,19],[58,10],[33,40],[9,29],[31,15],[-8,102],[-33,33],[-48,-11],[-57,24],[-62,-19],[6,117],[166,194],[113,116],[113,115],[83,10],[22,29],[4,147],[65,27],[68,29],[-53,371],[-48,310]],[[20971,7977],[2,387],[88,7],[24,202],[77,567],[30,243],[123,87],[38,175],[69,334]],[[21422,9979],[194,-84],[32,14],[250,133],[68,38],[153,75],[168,88],[88,43],[18,42],[24,4],[31,30],[72,2],[43,-8],[38,28],[7,42],[47,-47],[88,-43],[348,-245],[49,-43],[114,-133],[112,-162],[100,-101],[99,-160],[128,-178],[136,-128],[47,-26],[58,5],[15,-9],[61,-88],[56,-65],[72,-58],[27,-30],[35,-74],[23,-21]],[[24223,8820],[24,-9],[69,-110],[12,-35],[61,-321],[36,-36],[5,-138],[-6,-49],[-11,-213],[-390,-1],[0,-65],[-16,-108],[1,-109],[-7,-54],[-14,-28],[-34,-136],[-20,-113],[-5,-88],[54,-92],[-18,-28]],[[23964,7087],[-61,-28],[0,-47],[-6,-59],[9,-63],[17,-45],[-5,-23],[44,-44],[17,-44],[-2,-52],[-130,-16],[28,-98],[-103,22],[-30,-7],[-116,-1],[-70,44],[-28,-52],[-45,13],[-7,-71],[-32,4],[2,36],[-55,29],[-59,7],[-32,25],[-104,-20],[-121,11],[-46,-4],[-37,32],[-18,35],[-19,81],[60,252],[30,148],[-331,124],[-186,66],[-56,24]],[[20928,20243],[-7,-40],[23,-15],[6,-60],[-44,-12],[18,-30],[-44,-56],[-34,-30],[-14,-45],[3,-27],[-38,-58],[11,-69],[-22,-24],[56,-8],[25,-32],[26,-11],[4,-56],[65,-69],[7,-28],[-32,-38],[27,-21],[12,-43],[-28,-39],[49,1],[34,-17],[23,-40],[-33,-31],[-60,-37],[-26,-37],[15,-49],[-7,-106],[-13,-17],[11,-65],[-25,-49],[-41,-37],[-21,-48],[-25,-19],[-35,3],[-11,-48],[-57,-64],[-2,-39],[-31,-80]],[[20693,18653],[-45,-51]],[[20648,18602],[-234,203],[-41,49],[-141,-3],[-66,-9],[-229,-18],[-108,-11],[-157,-10],[-87,-1]],[[19585,18802],[14,25],[-40,21],[-27,66],[-24,36],[-5,60],[-22,-45],[-63,-92],[-37,-65],[-97,-72],[-38,2],[-15,21],[-94,-30],[45,173],[-18,90],[-23,41],[163,254],[-67,4],[-181,23],[-128,13],[-14,-58],[-96,-23],[-24,-24],[13,-48],[-166,-82]],[[18641,19092],[-70,99],[-235,128],[-59,6],[-27,53],[52,30],[-54,69],[-15,-17],[-44,12],[-29,33],[-26,113],[-38,42],[10,17]],[[18106,19677],[-104,70],[-96,48],[-99,105],[-58,83],[-51,-1],[-11,15],[-80,31],[38,74],[135,1],[18,160],[3,75],[26,40]],[[17827,20378],[2,0]],[[17829,20378],[94,23],[45,-56],[32,-12],[31,-33],[-11,-51],[54,-39],[35,-90],[36,-35],[53,-19],[34,23],[45,-18],[36,10],[33,-6],[35,-25],[37,-9],[0,-27],[58,9],[52,-9],[27,23],[40,11],[23,-17],[-20,-31],[92,-38],[23,21],[61,-6],[6,-24],[40,-19],[35,4],[13,-23],[30,11],[39,-18],[-16,-50],[36,-40],[34,-27],[65,-28],[34,18],[69,-21],[2,-55],[13,-14],[79,27],[12,26],[-18,54],[26,37],[73,24],[44,48],[23,-23],[64,13],[62,-8],[25,43],[-25,24],[47,26],[28,-9],[17,36],[62,4],[22,19],[38,-6],[13,66],[37,-1],[22,-28],[30,18],[69,-30],[14,5],[57,42],[11,35],[38,75],[9,119],[53,1],[34,31],[-2,22],[77,27],[64,-2],[39,29],[62,-23],[22,-50],[13,-79],[31,-47],[13,-54],[73,9],[46,-22],[43,15],[40,33],[40,63],[24,-17],[45,-3],[24,18],[39,-5],[25,-38],[35,16],[35,-8]],[[18423,18436],[-55,63],[-15,52],[-26,33],[-21,-9],[-75,68]],[[18231,18643],[108,122]],[[18339,18765],[0,1],[134,189],[81,56],[97,65],[-10,16]],[[19585,18802],[13,-237],[20,-5],[16,-50],[34,5],[55,-20],[37,-46],[56,-77],[50,-108],[14,-47],[29,-18],[11,-34],[110,-139],[38,-5],[22,-36],[4,-41],[40,-80],[-5,-15],[41,-45],[23,-56],[27,-16],[44,-115],[57,-123],[-1,-23],[24,-8],[17,-31],[25,-13],[8,-37],[23,-7],[46,17],[46,-7],[47,-28],[31,-54],[39,-26],[53,-79],[25,-5],[5,-49],[28,-89],[0,-24],[32,-106],[-38,-17],[-57,-41],[-49,-52],[-46,-36],[-13,-52],[-21,-24],[-72,-6],[-128,-43],[-96,17],[-36,24],[-55,-12],[-38,-38]],[[18298,17025],[-39,8],[-31,32],[-1,50],[-48,32],[8,32],[-13,25],[-55,29],[-43,43],[-30,49],[-27,55],[-35,20],[-26,61],[-48,13],[-32,53],[-22,-3]],[[17856,17524],[5,41],[36,29],[18,52],[42,42],[65,-35],[67,-5],[54,22],[-14,21],[19,87],[20,28],[27,-4],[5,39],[58,24],[-30,51],[36,-20],[23,49],[26,-1],[47,-49],[47,-9]],[[16840,17783],[21,31],[56,22],[26,27],[0,41]],[[16943,17904],[40,8],[-4,60],[51,-5],[-2,51],[46,27],[48,-2],[33,39],[46,-1],[22,24],[5,46],[21,40],[-19,29]],[[17230,18220],[-3,12],[54,40],[40,74],[44,38],[-4,49],[26,55],[-13,19],[21,31],[-43,52],[-19,68],[38,36]],[[17371,18694],[28,12],[16,50],[53,30],[60,57],[59,5],[53,18],[69,-16],[0,0],[19,-5],[71,69],[42,-8],[65,6],[36,-22],[49,-7],[82,-77],[11,-25],[54,-31],[8,-16],[75,-68],[10,-23]],[[17856,17524],[-80,-4],[-77,54],[-15,42],[70,74],[-41,21],[-60,-24],[-7,-20],[-67,21],[-18,-6],[7,-241]],[[18464,16533],[-38,3],[-44,-52],[-35,-18],[-13,-23],[-64,-65]],[[30418,22320],[125,-1],[45,16],[34,-23],[70,13],[72,45],[86,92],[282,295],[292,293],[58,63]],[[31482,23113],[3,2]],[[31485,23115],[9,-27],[80,-117],[5,-40],[44,-69],[8,-34],[20,-27],[106,-225],[58,-325],[42,-261],[43,-214],[69,-408],[76,-201],[4,0],[-20,-4],[-47,10],[-158,-2],[-21,6],[-79,-46],[-6,-13],[-94,-37]],[[743,20306],[-27,-12],[-24,49],[30,60],[24,14],[-12,57],[-28,11],[-6,97],[7,41],[-24,41],[-38,29],[-23,10],[-33,-28],[-40,0],[-25,-45],[-39,7],[31,42],[48,35],[19,1],[40,36],[-6,27],[-32,13],[2,50],[-15,40],[23,28],[-15,29],[26,17],[-3,36],[-29,33],[28,52],[-13,42],[27,71],[21,-3],[60,23],[52,40],[33,64],[35,24],[-2,18],[-10,31],[-99,7],[20,33],[-16,27],[-42,3],[1,42],[-32,34],[38,15],[21,23],[61,-45],[52,6],[22,32],[55,25],[5,90],[44,19],[16,-65],[77,-10],[35,36],[59,15],[31,-10],[20,28],[4,64],[-4,77],[-11,51],[20,33],[-5,48],[10,20]],[[491,20588],[-11,-41],[-35,29],[46,12]],[[776,21788],[38,-47],[-4,-23],[-49,-4],[-11,68],[26,6]],[[25655,24156],[34,172],[-30,63],[22,63],[3,42],[26,32],[11,50],[-44,127],[6,26],[-14,37],[-7,66],[7,76],[-8,42],[17,24],[-6,72],[1,79],[12,52],[1,56],[18,42],[103,119],[1,47],[-11,89],[-113,448],[-37,121],[-93,356],[-5,14]],[[25549,26471],[47,0],[21,-35],[50,-54],[27,5],[77,-3],[81,-42],[69,-3],[70,-33],[75,43],[93,-12],[32,11],[41,-54],[67,-24],[117,27],[24,-17],[65,-1],[10,-24],[45,-52],[5,-22],[61,-12],[45,-23],[98,-7],[54,15],[17,28],[67,-6],[55,-19],[25,-23],[58,-85],[51,-11],[20,-32],[15,-7],[99,12],[94,35],[45,-15],[57,7],[64,-40],[58,-86],[42,-15],[26,-44],[39,-8],[15,-29],[47,-24],[38,9],[17,-16],[66,3],[131,55],[30,40],[46,38],[22,6],[47,49],[22,54],[19,22],[10,57],[-12,16],[6,69],[22,71],[33,41],[9,46],[40,41],[30,58],[9,35],[20,10],[119,15],[42,-35],[84,2],[40,-13],[38,3],[61,24],[116,1],[75,-26],[43,-2],[50,-27],[17,-59],[31,-166],[47,-67],[15,-63],[0,-107],[13,-50],[49,-46],[161,-236],[89,-90],[23,-14],[6,-138],[-9,-17],[-4,-106],[4,-194],[11,-50],[-37,-91],[-15,-72],[10,-23],[-22,-85],[26,-52],[-18,-132],[38,-17],[152,-29],[246,-5]],[[29823,24529],[3,-9],[226,-15],[196,-10],[190,-48],[3,-18],[184,-236],[252,-309],[94,-121],[28,-57],[304,-277],[28,-19],[36,-71],[98,-183],[17,-43]],[[25549,26471],[-70,250],[-27,127],[-63,150],[-11,95],[-19,21],[-38,8],[-27,30],[10,18],[86,-11],[41,10],[53,-1],[40,-12],[37,25],[66,4],[-8,45],[19,14],[47,-23],[93,25],[19,-11],[9,-35],[61,-23],[16,18],[72,38],[55,85],[40,22],[49,61],[6,32],[38,37],[2,15],[51,49],[56,20],[23,25],[46,20],[60,40],[51,2],[22,-35],[84,-2],[16,17],[37,-5],[58,15],[50,24],[31,30],[50,91],[86,2],[66,-20],[64,-7],[46,24],[75,-10],[64,10],[2,71],[51,20],[-2,58],[24,59],[32,0],[81,70],[19,34],[82,-13],[18,-16],[80,-21],[22,15],[44,0],[22,54],[97,11],[80,-13],[51,16],[6,46],[41,40],[107,67],[8,43],[-28,58],[28,19],[4,32],[52,32],[60,124],[52,78],[56,47],[66,92],[46,107],[88,103],[61,50],[71,69],[34,41],[63,59],[88,97],[30,22],[115,61],[83,59],[225,96],[119,39],[104,41],[104,32],[27,24]],[[29594,29698],[38,-43],[50,-21],[53,-62],[36,-74],[10,-73],[27,-87],[44,-86],[48,-83],[58,-143],[108,-308],[26,-138],[23,-31],[7,-112],[19,-29],[38,-27],[33,-61],[86,-86],[27,-12],[4,-26],[83,-120],[57,-43],[14,-33],[42,-17],[59,-51],[41,-126],[41,-58],[16,-40],[60,-70],[25,-50],[33,-20],[27,-45],[35,-25],[11,-27],[91,-94],[27,-21],[55,-84],[2,-28],[45,-8],[32,-27],[58,-31],[72,-49],[21,-35],[49,-28],[45,-12],[42,-28],[113,-9],[36,-17],[51,6],[80,-21],[22,-30],[47,-24],[43,-34],[33,-1],[45,22],[36,-10],[56,5],[63,-52],[109,-93],[149,-99]],[[32295,26669],[-62,-56],[-42,-55],[-172,-168],[-56,-77],[-50,-58],[-145,-216],[-26,-18],[-33,-44],[-53,-51],[-65,-49],[-53,-23],[-74,-19],[-118,-76],[-76,-7],[-142,-83],[-62,-72],[-75,-92],[-77,-28],[-47,-40],[-121,-33],[-30,-20],[-24,-34],[-39,-26],[12,-51],[-33,-37],[-90,-32],[-83,-3],[-36,-16],[-69,-5],[-23,-12],[-38,-82],[-48,-4],[-72,-55],[-15,-53],[-25,-44],[-55,-25],[-60,-9],[-40,-49],[-13,-56],[-105,-83],[-31,-115],[-6,-64]],[[31485,23115],[292,318],[258,230],[204,187],[194,171],[54,51],[121,223],[44,31],[130,44],[44,25],[39,10],[170,-12],[79,-15],[68,0],[160,9],[67,17],[171,-23],[109,10],[137,29],[67,31],[82,25],[52,33],[52,13],[82,41],[172,82],[42,-1],[53,-4],[66,-69],[9,-25],[71,-34],[47,-35],[53,-12],[79,-8],[59,-27],[105,-84],[110,-82],[101,-66],[30,6],[56,-19],[1,-24],[38,-88],[11,-48],[30,-28],[10,-42],[69,-61],[90,-105],[20,-12],[57,-76],[30,-75],[9,-39],[95,-166],[45,-40],[23,-79],[785,213],[-1,4],[831,228],[71,23],[366,101]],[[37794,23871],[12,-755],[-5,-593],[6,-752],[13,-1424],[-12,-7]],[[37808,20340],[-111,35],[-180,95],[-75,-6],[-55,-45],[-55,-60],[-54,-22],[-30,-93],[-30,-56],[-21,-62],[-7,-51],[24,-55],[2,-37],[39,-61],[122,-150],[93,-76],[113,-85],[59,-58],[18,-72],[1,-61],[-8,-89],[3,-125],[19,-42],[63,-109],[62,-61],[79,-54],[-9,-51],[-17,-40],[-79,-59],[-52,-57],[-17,-42],[-41,-55],[-52,-97],[9,-11],[68,-334],[-212,-42],[-9,-61],[-2,-183],[-15,-14],[-54,61],[-150,196],[-82,138],[-42,-14],[-52,6],[-126,24],[-121,3],[-64,-148],[-54,-79],[-52,-63],[-15,-70],[0,-50],[11,-44],[42,-76],[49,-62],[-6,-14],[-102,-33],[-90,-5],[-46,14],[-91,61],[-36,48],[-32,63],[-32,17],[-28,48],[-14,75],[-20,194],[-43,126],[15,69],[-174,44],[-211,76],[-112,68],[-84,110],[-28,55],[-50,76],[-105,48],[-106,34],[-63,7],[-81,33],[-17,-61],[-64,-89],[-28,-103],[-26,-47],[-20,-60],[-64,-150],[-16,-45],[-48,-74],[-73,-92],[-107,-153],[-174,-294],[-36,-61],[-56,-58],[-15,-31],[-73,-101],[-62,-130],[-107,-190],[-3,-14],[-170,-94],[-22,-19],[-120,-66],[-355,-191],[-345,-183],[-78,-12],[-27,12],[-112,118],[-32,18]],[[37808,20340],[-1,-195],[260,-345],[178,-232],[352,-462],[136,-183],[218,-285],[72,-99],[278,-362],[253,-334],[107,-140],[69,-94],[76,-96],[501,-660],[455,-602],[99,-129],[-2,-276]],[[33620,13846],[-49,127],[-39,53],[12,88],[-69,129],[19,85],[5,58],[-20,126],[-1,56]],[[30718,38428],[17,-88],[17,-53],[11,-155],[19,-218],[15,-57],[-13,-36],[-26,-29],[-62,-32],[-483,5],[-40,-10],[-78,-3],[-163,2],[-95,5],[-135,-10],[-111,2],[-369,2],[-411,-7],[-279,-8],[-80,-7],[-162,-6],[-223,0],[-123,-18],[-42,-48],[-34,-54],[-35,-33],[-55,-34],[-49,-58],[-76,-57],[-132,-41],[-336,-67],[-38,-1],[-43,27],[26,794]],[[27130,38135],[191,459],[66,63],[4,64],[19,62],[44,45],[28,182],[19,204],[-13,260],[-2,112],[173,0],[67,4],[15,115],[13,58],[43,93],[61,19],[47,68],[35,23],[224,9],[49,67],[81,50],[37,6],[76,30],[48,5],[10,45],[76,82],[99,91],[28,38],[180,88],[99,69],[27,33],[-2,141],[0,211],[-10,64],[-1,60],[-8,195],[-1,201],[-8,94],[-13,99],[-12,28],[-39,32],[-8,26],[-14,132],[-25,168],[-42,303],[-61,112],[-9,84],[44,87],[40,44],[41,30],[15,135],[6,4]],[[28867,42829],[40,-4],[9,-70],[-9,-86],[12,-20],[121,-3],[106,4],[137,-14],[27,24],[36,-34],[31,-8],[34,16],[52,-34],[50,10],[65,-19],[74,30],[62,-7],[48,33],[33,-22],[21,-79],[60,-185],[53,-41],[60,-17],[96,-1],[39,34],[-3,33],[151,379],[13,17],[93,58],[151,154],[377,374],[96,98],[71,60],[49,60],[82,81],[48,40],[28,40],[50,95]],[[31330,43825],[18,-440],[-8,-90],[3,-220],[-6,-82],[7,-42],[8,-533],[-2,-44],[-18,-53],[6,-174],[-3,-188],[93,-42],[36,-23],[37,-4],[186,-73],[23,-17],[40,-7],[283,-110],[18,-16],[103,-32],[216,-83],[71,-33],[194,-71],[28,-34],[62,-33],[92,-104],[180,-186]],[[32997,41091],[-9,-156],[-59,-328],[-11,-29],[-1,-133],[5,-31],[1,-131],[-25,-56],[-26,-35],[-97,-75],[-25,-29],[-81,-149],[-107,-112],[-23,-42],[-101,-116],[-84,-75],[-84,-91],[0,-33],[-67,-52],[-83,-93],[-90,-26],[-36,-26],[-152,-79],[-70,-32],[-67,-40],[7,-69],[-3,-60],[-13,-29],[6,-51],[68,-134],[95,-223],[178,-283],[13,-31],[-138,12],[-128,24],[-166,19],[-219,29],[-34,23],[-125,173],[-74,79],[-79,65],[-6,18],[-89,47],[-161,52],[-51,49],[-65,13],[-23,-60],[-10,-249],[6,-55],[16,1],[8,-54]],[[37808,35887],[-5,-498],[-1,-379],[2,-21],[-9,-513],[10,-573],[10,-522],[-2,-1]],[[37813,33380],[-320,-24],[-282,37],[-769,100],[-188,22],[-182,25],[-149,17],[-343,47],[-294,-86],[-72,-18],[-67,-30],[-449,39],[-290,24],[-143,6],[-78,9],[-300,19],[-206,6],[-369,30],[-154,10],[-4,-53],[-28,-60],[-51,-51],[-40,-27],[-93,-85],[-42,-23],[-73,7],[-121,17]],[[32706,33338],[-97,19],[-18,62],[-74,234]],[[32517,33653],[-16,60],[3,57],[20,28],[47,63],[235,62],[31,10]],[[32837,33933],[78,16],[100,14],[20,-7],[36,-59],[6,-51],[36,-116],[44,21],[153,55],[26,15],[193,85],[164,74],[29,18],[88,35],[44,29],[57,23],[70,11],[57,18],[150,3],[28,8],[206,30],[125,1],[210,-8],[48,32],[64,82],[-118,112],[-159,157],[-185,166],[-84,109],[-65,72],[45,31],[54,20],[68,3],[47,-9],[82,3],[38,9],[45,29],[61,-20],[33,16],[58,50],[31,18],[117,46],[65,65],[53,41],[108,102],[102,62],[150,117],[80,82],[24,58],[-6,115],[-30,126],[-76,103],[-4,30],[22,32],[-1,84],[-18,62],[-9,63],[118,3],[81,-18],[87,8],[45,-17],[9,53],[-17,87],[-14,33],[284,166],[117,81],[115,88],[83,55]],[[36305,36755],[11,-35],[33,-51],[56,-47],[50,-21],[89,2],[135,-61],[73,-71],[63,5],[45,14],[49,1],[46,-25],[53,-53],[13,10],[79,-77],[18,-35],[36,-108],[22,-45],[52,-64],[92,-76],[88,-63],[143,-70],[131,-4],[48,14],[58,2],[20,-10]],[[32997,41091],[7,2],[353,-374],[182,-212],[136,-154],[233,-281]],[[33908,40072],[17,-27],[138,-60],[452,-205],[8,7],[606,-278],[21,-89],[-2,-124],[19,-62],[-28,-94],[37,-10],[12,-57],[39,-11],[38,-29],[9,-123],[3,-62],[-32,-20],[-16,-47],[-57,-46],[0,-16],[46,-50],[-3,-14],[54,-58],[21,-83],[21,-42],[0,-40],[24,-24],[29,-56],[2,-27],[35,-61],[7,-57],[22,-38],[2,-66],[17,-42],[43,-31],[-14,-40],[13,-27],[63,-82],[43,-42],[-5,-75],[18,-53],[71,-66],[-31,-49],[19,-29],[45,-32],[2,-43],[57,-99],[42,-52],[42,-31],[25,-38],[22,-1],[18,-33],[46,-8],[49,-22],[29,-46],[12,-81],[0,-74],[51,-46],[2,-37],[30,-31],[52,-21],[46,-57],[48,-32],[18,-28]],[[32837,33933],[12,126],[17,70],[-35,81],[-19,67],[-36,71],[-48,44],[-21,53],[-7,57],[26,91],[49,62],[75,154],[36,86],[-14,6],[-143,-29],[-159,-38],[-144,-26],[-185,-46],[-174,-65],[-118,119],[-27,33],[-60,100],[-11,42],[-10,141],[-18,166],[-42,226],[-18,207],[25,181],[4,55],[-12,52],[-185,145],[-38,47],[-74,109],[-93,197],[-80,177],[-48,97],[70,35],[201,165],[-3,10],[-38,175],[-32,97],[-227,12],[1,98],[-19,166],[13,102],[-3,122],[13,361],[0,84],[-141,55],[-199,58],[-103,48],[-77,49]],[[23964,7087],[26,-53],[45,-41],[75,-41],[31,-42],[1,-37],[27,-7],[39,-41],[35,13],[27,-13],[1,-62],[165,-88],[9,-9],[52,-140],[49,-19],[84,-21],[0,-31],[-39,8],[-14,-20],[-51,-22],[-42,20],[-24,-49],[-11,-50],[-41,-77],[-21,-34],[-8,-13],[23,-54],[64,-122],[109,-362],[67,-238],[-162,-103],[-128,-76],[-209,-140],[-64,-46],[22,-70],[37,-46],[29,-12],[38,-60],[62,-28],[4,-136],[76,-66],[-13,-84],[9,-27],[99,-15],[235,-584],[33,-78],[-110,-218],[-169,-336],[-62,-103],[-63,-139],[-123,-240]],[[24183,2835],[-36,-12]],[[24147,2823],[-214,144],[-480,329],[-598,410]],[[29605,29712],[-15,12]],[[26914,35469],[-27,26],[-65,167],[-35,124],[-2,83],[10,217],[-15,121],[-26,86],[-20,170],[43,149],[-13,76],[-2,51]],[[26762,36739],[102,-46],[66,-20],[102,-59],[74,-64],[115,-132],[130,-128],[56,-69],[81,-61],[100,-48],[40,-9],[88,-7],[26,-11],[110,-3],[28,33],[52,36],[15,62],[-35,63],[35,13],[-74,67],[164,25],[119,6],[236,30],[216,42],[300,60],[165,36],[106,26],[260,-121],[47,-25],[111,-41],[85,-46],[73,-9],[61,10],[35,-24],[104,-23],[54,-27],[51,-5],[60,-26],[51,-29],[43,-9],[38,-22],[81,-55],[15,-50],[57,-45],[29,-36],[25,-53],[73,-90],[49,-32],[134,-53],[14,-61],[26,-38],[53,-26],[107,-231],[-16,-110],[12,-335],[-26,-174],[0,-82],[-9,-257],[-211,-44],[-219,-41],[-242,-68],[264,-152],[75,-35],[85,-46],[363,-166],[228,-360],[277,21],[225,15],[106,18],[381,25],[275,21],[34,9]],[[32706,33338],[-61,-158],[-89,-122],[-3,-26],[-56,-82],[-58,-110],[-118,-136],[-46,-40],[-78,-91],[-91,-72],[-36,-55],[-54,-223],[-149,-330],[-22,-40],[-52,-130],[-34,-109],[-70,-187],[-61,-153],[-32,-49],[-101,-88],[-273,-219],[-185,-149],[-226,-180],[-172,-134],[-196,-146],[-187,-145],[-43,-30],[-255,-194],[-39,-27],[-79,-31],[-44,-37],[-76,-44],[-65,-29],[-50,-60]],[[30275,3321],[-27,10],[17,54],[-14,25],[-53,10],[-31,19],[-13,32],[8,34]],[[30162,3505],[12,83]],[[30174,3588],[2,1],[85,127],[62,60],[38,11],[23,-20]],[[30384,3767],[-6,-7]],[[30378,3760],[-21,-28],[22,-27],[5,-47],[41,-55],[51,-21],[47,15],[11,-92],[19,-32],[-1,-37],[17,-33],[34,-19]],[[3291,24969],[-13,41],[17,50],[-24,1],[-33,46],[38,48],[-30,25],[-22,37],[-61,-13],[-20,-43],[-33,-17],[-58,17],[-3,-32],[-25,-23],[-66,-33],[-8,-52],[-37,18],[-45,2],[-25,-11],[7,81],[-61,22],[-35,4],[-8,37],[89,2],[63,59],[-14,48]],[[2884,25283],[12,1],[42,1],[1,37],[16,38],[39,39],[53,-30],[14,-26],[36,15],[18,53],[43,-15],[26,-36],[40,4],[27,35],[22,50],[29,-14],[41,21],[93,13],[27,-13],[99,26]],[[3723,25529],[104,-114],[-16,-47],[57,-25],[30,5],[15,13],[18,-53],[31,-29],[-15,-39],[4,-42],[-17,-25]],[[2143,26715],[-54,-3],[-65,-19],[-24,-20],[-62,-6],[-12,-41],[-67,-9],[-55,-27],[-88,-19]],[[1716,26571],[-12,45],[-19,26],[-42,-17],[-58,53],[18,28],[-59,78],[-58,29],[-5,56],[-67,4],[-64,18],[19,36],[-58,-1]],[[1311,26926],[92,48],[27,21],[5,42],[-13,39],[59,-10],[15,44],[37,-4],[70,28],[86,-5],[65,14],[45,1],[0,0],[4,-62],[-22,-33],[37,-25],[53,27],[31,42],[42,39],[30,51],[91,48],[70,75],[9,47],[-19,54],[1,41],[22,41],[-16,21],[-85,43]],[[2047,27553],[-65,53],[60,96],[45,-47],[51,11],[71,-8],[78,14]],[[1716,26571],[-34,-14],[-31,-31],[-28,-8],[-55,-66],[-86,8],[-77,15],[-20,-9],[-40,-57],[34,-93],[-10,-71],[-22,-28],[-25,-70],[-34,-42],[-65,-36],[-61,-4]],[[1162,26065],[-4,1]],[[1158,26066],[49,13],[35,26],[-20,39],[-1,43],[-28,20],[-51,14],[-16,62],[-45,7],[-63,36],[-22,45],[-64,25],[-50,-21],[-30,17]],[[852,26392],[30,39],[-3,58],[-17,86],[-19,25],[-7,54],[-59,78],[12,78],[-7,53],[-5,21],[47,57]],[[824,26941],[129,-44],[101,-53],[29,27],[1,34],[23,65],[33,-16],[29,4],[76,-36],[66,4]],[[37975,43517],[-58,-60],[-38,-49],[-65,-53],[-21,-38],[-3,-35],[-39,-70],[-21,-58],[-3,-45],[21,-87],[-3,-44],[-28,-17],[-31,-44],[-49,-136],[-36,-74],[-4,-43],[20,-98],[-3,-140],[-35,-39],[-49,-27],[-23,-25],[-50,-16],[-61,-45],[-31,-45],[-6,-62],[-10,-13],[-30,-100],[-41,-99],[9,-25],[74,17],[46,-71],[4,-45],[24,-64],[5,-197],[-6,-19],[23,-129],[15,-24],[7,-52],[57,-130],[-1,-70],[-62,-115],[-1,-53],[1,-51],[41,-108],[32,-46],[439,-308]],[[37985,40465],[-207,-85],[-105,-15],[-39,-59],[2,-80],[82,-233],[-59,-84],[-62,-69],[-33,-45],[-33,-100],[-16,113],[-51,80],[-11,97],[4,85],[-41,56],[-66,73],[-4,113],[-11,38],[-5,142],[-11,78],[-15,44],[-54,43],[-19,28],[-17,88],[-27,102],[12,47],[4,73],[-1,166],[-4,67],[-30,28],[-52,22],[9,35],[-2,125],[-121,0],[-118,-7],[-73,63],[-32,50],[-49,23],[-64,-36],[-181,-46],[-57,10],[-31,21],[-57,-7],[-49,-115],[-22,-14],[-60,138]],[[36209,41518],[-40,43],[-72,40],[-86,86],[-37,32],[-146,63],[-61,34],[-120,11],[-73,-3],[-21,21],[-76,120],[-80,11],[-60,-14],[-50,-22],[-72,1],[-66,42],[-40,11],[-153,-27],[-76,-41],[-61,9],[-168,127],[-81,78],[-99,116],[-40,80],[-44,112],[1,49],[-25,130],[1,43],[-9,163],[-22,81],[-117,132],[-97,170],[-37,51],[-14,56],[-48,96],[29,29],[-1,96],[-10,41],[17,50],[6,52],[26,56],[5,64],[40,85],[-10,70],[14,32]],[[34136,43994],[26,31],[65,122],[71,10],[10,-49],[-18,-65],[48,-63],[49,65],[55,37],[25,103],[44,61],[34,67],[28,30],[5,56],[66,52],[120,-23],[66,-19],[48,-2],[88,-28],[91,-38],[33,-39],[59,-29],[90,-27],[61,-68],[64,-62],[92,-40],[32,-20],[67,-61],[50,11],[57,133],[40,79],[18,74],[-3,73],[12,77],[4,73],[23,37],[35,1],[-22,57],[-13,61],[-38,91],[-154,238],[-3,60],[38,23],[47,-47],[60,-90],[65,-40],[44,-10],[42,-23],[106,-24],[91,1],[55,19],[21,95],[32,50],[49,44],[76,38],[90,29],[123,44],[15,13],[81,26],[76,66],[51,29],[25,43],[69,31],[0,75],[-44,55],[5,32],[58,78],[77,46],[77,23],[69,64],[54,42],[132,77],[21,-2],[54,38],[40,45],[73,13],[35,-16],[91,-23],[54,1],[99,51],[35,51]],[[37747,46027],[87,-3],[49,-39],[8,-29],[56,-53],[63,-19],[46,-33],[50,-87],[37,-42],[46,-28],[36,-94],[15,-22],[56,-13],[24,-52],[93,-39],[-16,-60],[96,-61],[41,-19],[58,-48],[14,-21],[106,-53],[34,-42],[27,-26],[42,8],[50,-18],[41,-28],[58,-1],[6,80],[44,7],[2,31],[61,-7],[15,-23],[36,33],[38,-47],[19,23],[28,-9],[47,17],[72,-28],[-3,-26]],[[39329,45156],[-51,-63],[-74,-18],[-29,-25],[-12,-53],[0,-46],[23,-30],[-5,-66],[-24,-63],[-59,-7],[-55,-126],[-31,-11],[-18,-57],[-34,-39],[-28,-71],[-50,-85],[-75,-20],[-25,-21],[-32,-55],[-48,-40],[-26,-68],[-56,-99],[-38,-29],[-50,-52],[-29,-49],[-20,-57],[-121,-148],[-123,-67],[-51,-40],[-90,-36],[-49,-52],[-74,-46]],[[33908,40072],[-12,19],[-22,111],[-48,286],[-31,169],[-73,421],[38,-21],[39,-7],[35,-46],[11,-89],[28,-32],[39,13],[56,-10],[123,-64],[26,-48],[27,-24],[54,-3],[95,19],[44,33],[9,58],[14,27],[50,50],[6,38],[24,-4],[45,-35],[47,14],[64,-37],[46,-11],[62,-38],[81,-13],[75,-173],[56,70],[8,43],[34,54],[32,15],[18,38],[51,52],[51,29],[27,29],[97,-2],[96,-13],[89,-22],[93,-35],[66,-6],[56,86],[25,20],[132,2],[6,8],[22,24],[37,90],[13,48],[26,37],[52,18],[18,32],[87,64],[112,129],[45,33]],[[37985,40465],[101,14],[129,-33],[484,-152],[4,-1],[127,-32]],[[38830,40261],[-689,-662],[-261,-250],[-64,-67],[-3,-54],[-2,-351],[3,-837],[-2,-721],[-1,-623],[0,-614],[-3,-195]],[[39329,45156],[66,19],[43,-7],[19,22],[36,-29],[32,7],[36,-10],[32,-24],[41,20],[35,2],[25,22],[41,-3],[22,63],[34,-2],[12,-26],[35,3],[36,-19],[55,36],[56,24],[119,-78],[86,6],[23,42],[59,-13],[24,18],[43,3],[23,-22],[37,14],[39,-14],[7,37],[68,3],[28,28],[30,-27],[3,-44],[39,2],[33,26],[31,71],[43,11],[69,43],[49,-19],[39,-50],[45,0],[56,12],[59,-14],[31,23],[88,-6],[43,44],[46,12],[24,-8],[44,-54],[32,-4],[18,-30],[30,10],[60,-10],[33,-27],[34,76],[103,56],[47,-3],[27,44],[18,-31],[79,-19],[27,14],[76,-31],[-1,-40],[64,9],[44,-8],[22,35],[43,-15],[31,22],[6,-47],[36,-85],[42,13],[13,-12],[55,1],[-12,-30],[89,-1],[42,11],[20,-29],[33,4],[1,51],[16,12],[57,-3],[51,28],[29,-3],[11,35],[85,45],[34,-21],[-21,-46],[-172,-239],[-205,-283],[-35,-54],[-105,-145],[-52,-64],[-67,-99],[-108,-143],[-179,-251],[-75,-101],[-78,-110],[-158,-220],[-111,-151],[-310,-435],[-176,-239],[-118,-169],[-120,-162],[-170,-238]],[[40448,42168],[-91,111],[-147,144],[-58,62],[-88,109],[-30,55],[-11,71],[-21,67],[-84,-36],[-30,0],[-68,47],[-54,7],[-13,47],[-52,45],[-93,1],[-70,-9],[-37,48],[-16,41],[-52,4],[-22,-11],[-60,-2],[-74,33],[-195,6],[-61,9],[-79,-13],[-55,3],[-19,-10],[-97,13],[-57,-6],[-45,7],[-71,32],[-72,13],[-72,61],[-77,48],[-128,95],[-72,66],[-84,60],[-21,34],[-79,73],[-18,24]],[[27130,38135],[-16,-35],[-95,-163],[-21,-14],[-336,-86],[-137,-34],[23,-49],[4,-104],[13,-60],[20,-51],[10,-70],[61,-140],[5,-59],[73,-141],[15,-89],[6,-96],[17,-33],[-3,-63],[-10,-24],[3,-85]],[[26900,35461],[-175,344],[-477,942],[-696,1485],[-253,544],[-233,475],[-189,443],[-704,1529],[-97,210],[-57,0],[-120,246],[-17,55],[-53,75],[-24,50],[37,33],[-63,68],[-38,-32],[-36,45],[1,14],[-54,55],[-67,83],[-66,28],[-25,22],[-84,99],[-104,83],[-45,77],[-65,96],[-43,46],[-48,66],[-63,104],[-74,86],[-73,104],[-47,76],[-154,146],[-30,21],[-37,47],[-50,35],[-88,92],[-43,32]],[[22446,43385],[35,25],[65,5],[161,39],[88,4],[496,-31],[426,-31],[84,-4],[353,-26],[276,98],[11,7],[106,17],[-8,52],[5,36],[-25,42],[13,16],[105,7],[24,-37],[35,-23],[53,-142],[106,-52],[149,3],[12,19],[59,-38],[66,1],[47,-16],[160,-33],[18,75],[-3,59],[23,23],[41,2],[18,-16],[38,-80],[84,-127],[16,-48],[34,-16],[200,-59],[412,-121],[91,-23],[190,-61],[92,-33],[102,1],[191,13],[0,44],[27,33],[39,-11],[44,3],[10,-24],[98,-21],[33,8],[20,-37],[63,-26],[18,68],[64,3],[20,23],[81,-3],[31,25],[0,0],[85,28],[24,-4],[44,17],[15,-25],[73,-70],[119,-55],[95,-2],[34,-17],[-6,-37],[28,-1],[40,-27],[72,-36],[58,16],[13,-8],[14,-66],[187,14],[28,-16],[64,-11],[57,-1],[61,-24],[72,36],[27,5],[99,-4],[46,49],[40,68],[35,3]],[[12137,43326],[7,63],[31,32],[14,40],[-8,114],[-14,22],[12,110],[37,20],[26,-20],[50,0],[41,38],[16,28],[37,20],[-27,70],[0,64],[41,22],[45,10],[27,42],[8,50],[19,20],[14,46],[-27,20],[-10,38],[6,36],[-58,36],[-56,-18],[20,50],[-23,46],[-34,40],[2,104],[-19,22],[-31,95],[-2,36],[31,58],[-80,114],[-18,86],[-70,80],[-47,46],[-45,56],[6,28],[-23,40],[-51,18],[78,19],[22,21],[67,114],[-39,55],[18,23],[2,42],[-13,17],[31,51],[19,103],[25,47],[12,85],[-17,51],[-8,57],[57,35],[-10,66],[41,43],[32,91],[58,101],[-14,90],[6,27],[-20,30],[1,52],[-25,12],[-69,-3],[-23,12],[-43,56],[-23,16],[8,41],[-11,22],[36,59],[9,42],[22,12],[9,67],[-21,74],[20,41],[-6,92],[-29,37],[-47,32],[-24,37],[-46,47],[-22,50],[-37,61],[24,14],[58,80],[-7,30],[70,18],[45,41],[-2,65],[-41,77],[16,68],[-4,90],[-58,-91],[-23,-8],[-52,6],[-41,72],[6,74],[-21,59],[-38,11],[-9,20],[338,-5],[77,42],[34,-14],[47,9],[65,-35],[57,-2],[100,-49],[25,0],[43,22],[74,-10],[50,28],[211,-6],[186,-2],[263,-7],[241,-5],[210,-7],[163,18],[255,38],[101,-9],[97,-62],[302,10],[669,37],[199,-99],[154,-34],[269,-109],[-3,-32],[93,3],[139,-90],[557,-355],[502,-319],[901,-575],[899,-573],[275,-173],[457,-310],[570,-389],[363,-230],[310,-196],[71,-52],[413,-225],[35,-9],[90,-75],[48,-80],[147,-139],[96,-69],[26,-26],[97,-73],[103,-88],[65,-71],[29,-19]],[[23822,33725],[-1,-1],[-1303,1241],[-32,27],[-419,397],[54,0],[-133,113],[-19,1]],[[21969,35503],[450,168],[333,124],[-45,153],[-185,610],[-68,220],[-85,297],[-77,245],[-60,209],[-71,224],[-368,142],[-152,54],[-208,79],[-88,37],[-376,140],[-108,43],[-190,70],[-9,-19]],[[20662,38299],[-851,461],[-69,61],[-243,197],[-1431,1165],[-764,-106],[-672,-93],[-133,-23],[-227,-29],[-3,8],[-76,109],[-57,92],[-57,77],[-23,39],[35,71],[-8,45],[-27,65],[-30,43],[-49,89],[-34,84],[-46,69],[-68,82],[-47,-51],[-33,-72],[-32,-52],[-56,-43],[-126,-22],[-119,-65],[-21,-7],[-66,-48],[-36,-12],[-176,115],[-231,171],[-89,78],[-942,744],[-261,207],[-113,71],[-100,68],[-81,69],[-84,46],[-50,16],[-20,19],[-278,211],[-94,59],[-34,14],[-18,26],[-384,281],[-22,737],[-18,-3],[-142,-27],[-19,-9]],[[21969,35503],[-622,20],[-185,10],[-232,27],[-473,62],[8,156],[11,154],[15,136],[6,168],[8,70],[-16,17],[65,680],[10,10],[10,143],[41,545],[18,199],[29,399]],[[21467,31127],[0,23],[19,334],[2,148],[7,131],[-75,48],[-463,332],[-37,-152],[-39,-38],[-48,-20],[-60,5],[-40,-16],[-50,1],[-30,-22],[-67,30],[-14,-36],[-96,8],[-77,-15],[-50,-29],[-81,-8],[-28,14],[-45,-4],[-93,-26],[-35,-18],[-38,20],[-97,-31],[-45,23],[-125,-91],[-31,0],[-26,-33],[-38,-14],[-26,9],[-35,78],[-17,-39],[-37,-33],[-11,-57],[-73,75],[-17,41],[-38,7],[-50,49],[-171,307],[-74,137],[-100,169],[-180,302],[9,6],[-48,71],[-196,297],[-27,29]],[[18576,33139],[4,1],[-262,405],[-290,117],[-167,620],[-208,7],[-32,31],[-47,69],[-236,164],[-58,77],[-13,43],[-6,104],[-99,2],[-110,9],[-20,11],[-130,26],[-93,43],[-355,11],[-51,48],[-36,28],[-39,5],[-147,103],[-62,36],[-42,1],[-89,-46],[-41,8],[11,83],[4,101],[11,31],[-18,144],[11,61],[-36,24],[5,126],[-58,137],[-13,47],[-13,98],[-16,57],[-34,51],[-130,274],[-113,103],[-217,589],[-33,101],[-66,166],[-155,418],[-129,-27],[-164,-1]],[[14794,37645],[-18,36],[2,37],[-36,67],[-1,102],[53,109],[-20,95],[8,84],[-19,142],[-27,81],[19,60],[-12,88],[-21,17],[-8,40],[26,26],[-29,35],[5,54],[62,-12],[38,47],[3,40],[-24,76],[18,54],[-8,18],[2,110],[-33,6],[-9,31],[25,10],[11,31],[-20,30],[-7,55],[-25,58],[24,23],[30,-8],[17,56],[-6,61],[-21,21],[-10,68],[-32,15],[-69,93],[-39,0],[-34,15],[-13,26],[-57,5],[-131,-29],[-16,-10],[-54,14],[-79,-10],[-39,-17],[-45,33],[-54,7],[-19,37],[-61,-1],[-28,-21],[-20,16],[-29,-17],[-40,7],[-38,-18],[-56,6],[13,40],[-6,32],[-44,45],[-78,30],[-22,40],[-34,5],[-87,78],[-55,8],[-15,42],[-30,26],[-61,0],[9,42],[-27,70],[-30,-14],[-36,23],[-27,42],[-118,153],[-31,18],[4,236],[-28,106],[-21,62],[-30,44],[-6,59],[-45,74],[-106,115],[-64,103],[-36,24],[-21,47],[-41,2],[-114,-35],[-21,60],[2,37],[-15,32],[9,134],[-51,65],[-2,38],[-18,39],[-80,61],[-6,28],[-38,16],[-63,52],[-32,52],[-62,31],[-16,32],[-62,34],[-20,30],[43,23],[41,42],[30,12],[84,-8],[15,22],[4,62],[-14,72],[24,40],[-10,76],[-21,62],[-18,24],[-57,28],[-9,52],[-39,42],[23,38],[-21,50],[9,16],[-17,60],[-39,20],[-16,44],[27,16],[-27,44],[22,46],[-30,78],[0,24],[-35,38],[-37,56],[20,20],[-8,28],[15,28],[0,56],[16,26],[-14,80],[16,22],[-16,26],[8,59]],[[21754,24833],[-11,10],[-62,-12],[-53,11],[-21,51],[9,26],[-25,37],[8,23],[-24,19],[-56,5],[-44,25],[-28,2],[-33,58],[8,85],[-52,-17],[-36,19],[-52,73],[-7,64],[23,73],[-12,25],[-42,-9],[-55,53],[-27,67],[-16,20],[-47,173],[0,0]],[[21099,25714],[36,84],[44,22],[77,22],[67,-21],[82,8],[-22,13],[15,30],[35,8],[42,-13],[29,-29],[24,-68],[50,-30],[11,-48],[30,5],[27,31],[59,-7],[60,27],[57,4],[103,-4],[27,-36],[30,-13],[15,-27],[30,-7],[31,-35],[64,-26],[-92,-104],[-7,-68],[-63,-44],[-10,-19],[-11,-35],[-6,-71],[-17,-40],[-23,-92],[11,-59],[-22,-73],[-53,-111],[-46,-46],[-29,-9]],[[24005,24122],[-17,-16],[-74,-15],[-49,14],[-12,-36],[-31,-35],[-27,2],[-19,28],[-49,13],[-26,25],[-74,51],[-26,10],[-42,-6],[-47,-23],[-30,35],[-66,43]],[[23416,24212],[-51,21],[12,31],[-28,32],[-27,12],[-18,45],[-67,36],[-38,0],[-22,17],[-84,6],[-19,-33],[-42,33],[-1,21],[-37,7],[-17,64],[-38,11],[7,29],[-58,17],[-23,21],[-83,-20],[-27,16],[-73,42],[-63,9],[-102,95],[-73,33],[-47,-11],[-32,33],[-51,-44],[-47,5],[-36,-29],[-35,-73],[-46,24],[-22,-46],[-30,10],[-30,-10],[-61,21],[-13,-17]],[[21994,24620],[-37,41],[-22,57],[-42,46],[-14,-5],[4,3],[-41,44],[-62,10],[-26,17]],[[21099,25714],[-7,-12],[-24,-64],[-2,-5],[-2,-6],[-12,-22],[-3,-5],[-30,-31],[-13,-11],[-32,-4],[-19,26],[-6,276],[-27,36],[-80,61],[-1,13],[-50,37],[-44,43],[-122,142],[-105,159],[-82,118],[-22,24],[-35,11],[-57,-3],[-25,40],[10,60],[-11,71],[-20,24],[-21,70],[-54,110],[-27,64],[-15,70],[1,153],[-17,55]],[[20554,27347],[20,-119],[8,-112],[35,-236],[36,-118],[36,-86],[51,-26],[8,-27],[35,-29],[23,-66],[35,-19],[27,-30],[13,-47],[70,-75],[34,-9],[79,-4],[30,-12],[31,35],[42,-5],[53,-20],[59,-64],[40,-6],[44,-35],[14,-31],[46,-29],[17,-41],[40,-16],[65,7],[29,11],[30,22],[21,-17],[69,-17],[29,31],[70,-29],[41,27],[24,-21],[46,-12],[67,30],[42,8],[96,-26],[67,-33],[37,7],[86,-33],[69,-13],[145,-37],[187,199]],[[22700,26224],[111,-47],[-11,-123],[-16,-336],[23,-30],[83,-30],[62,-38],[31,5],[33,-22],[19,-32],[39,-13],[88,-62],[11,-45],[45,-37],[15,3],[57,-43],[4,-21],[47,-23],[17,-22],[38,-136],[-9,-41],[27,-71],[44,-4],[18,-52],[37,-12],[-26,-92],[26,-32],[45,-9],[54,-47],[12,-22],[-27,-59],[76,-43],[-23,-32],[19,-61],[62,-46],[11,-29],[41,-11],[0,-22],[70,-28],[20,-28],[30,-11],[-1,-55],[25,-17],[6,-76],[39,-56],[-14,-55],[50,-34]],[[22190,27682],[77,-250],[156,-435],[120,-339],[85,-234],[72,-200]],[[19657,27049],[2,-24],[97,-609],[27,-174],[20,-83],[47,11],[50,-31],[45,-41],[75,-41],[51,-7],[23,-28],[103,-38],[32,13],[17,-63],[61,-110],[7,-60],[95,-84],[58,-25],[48,-35],[82,-42],[-5,-9],[8,-17],[115,-71],[73,-54],[2,-28],[27,-36],[38,-60],[57,-72],[27,-25],[-23,-39],[-29,-5],[-22,42],[-52,1],[-3,-16],[-6,-29],[-66,-30],[10,-21],[-23,-51],[35,-69],[33,-21],[-21,-71],[23,-34],[71,-48],[19,-29],[4,-45],[43,-42],[48,-20],[4,-27],[58,-27],[78,-39],[30,-37],[33,-12],[30,10],[44,-24],[53,-7],[12,12],[102,5]],[[21424,24533],[44,-22],[40,17],[-37,-31],[-63,6],[-21,11],[-132,-7],[-39,-13],[-17,-32]],[[21199,24462],[-30,34],[-39,3],[-47,37],[-47,12],[-27,62],[-29,21],[-98,32],[-101,-10],[-47,24],[-28,30],[-63,7],[-37,46],[-54,0],[-14,20],[-18,80],[0,38],[0,62],[-10,27],[-41,22],[-33,9],[-19,29],[-62,6],[-30,17],[-85,-18],[-48,36],[-39,105],[-22,12],[-48,58],[-14,5]],[[20069,25268],[-23,17],[-54,35],[-79,113],[-9,23],[-47,55],[-77,112],[-35,71],[-40,95],[-55,58],[-20,-7],[-34,45],[-40,71],[36,48],[-52,104],[-48,-23],[-30,48],[-24,22],[28,60]],[[21994,24620],[-41,26],[-128,66],[-85,78],[-38,15],[-40,-3],[-87,9],[-25,22],[-15,-41],[-41,3],[-32,49],[-84,-41],[-17,36],[-51,5],[-67,-123],[-37,-55],[69,-29],[-27,-50],[63,13],[26,-9],[86,-10],[1,-48]],[[21199,24462],[-11,-71]],[[21188,24391],[-61,9],[-24,35],[-99,-14],[-61,17],[-56,7],[-18,23],[-58,3],[-25,33],[-52,5],[-133,64],[-9,14],[-97,-50],[-46,29],[-34,-16],[-62,-3],[-67,-23],[-15,-41],[-23,-3],[-120,56],[-35,19],[-52,-10],[-24,-18],[-81,-13],[-11,-27],[-82,19],[-54,20],[6,22],[-45,18],[-16,27],[-27,7],[-44,45],[-72,31],[-21,74],[-89,22]],[[19481,24772],[44,57],[27,-8],[53,33],[63,10],[-5,38],[-30,-6],[-3,71],[38,15],[-30,48],[24,44],[-33,56],[31,53],[34,-3],[117,10],[37,45],[76,30],[47,-2],[47,14],[51,-9]],[[19481,24772],[-9,-10],[26,-32],[-72,-30],[-23,-91],[-82,25],[-9,58],[-31,108],[-8,54],[-22,68],[1,59],[-51,-19],[-25,-40],[-27,-18],[-82,-2],[-29,-13],[-55,2],[7,35],[24,11],[13,41],[-34,-12],[-24,-29],[-114,-58],[-265,-62],[-89,-28],[34,-95],[-19,-46],[-11,-56],[-16,2]],[[18489,24594],[-38,15],[-91,-26],[-13,-35],[-39,14],[-38,-26],[-78,-10],[-32,-33],[-52,21],[-42,64],[-63,64],[-34,-43],[-39,26],[-46,15],[-53,-24],[-43,7],[-21,-23],[-28,46],[-48,39],[-35,17],[-2,-49],[47,-32],[38,-49],[4,-45],[40,-38],[-399,3],[-15,-75],[-91,-27],[-31,-24],[2,-27],[38,-40],[-24,-29],[-17,-55]],[[17246,24215],[-124,80],[-24,23],[4,25],[-63,47]],[[17039,24390],[-44,38],[-30,71],[-19,9],[-15,46],[-69,57],[112,82],[110,-2],[102,34],[19,29],[93,29],[98,7],[79,38]],[[17475,24828],[31,34],[57,13],[75,37],[7,88],[30,6],[68,-9],[54,74],[105,101],[-6,46],[7,69],[73,76],[36,19],[29,31],[66,34],[68,-13],[47,28],[-20,43],[59,5],[1,83],[28,38],[4,47],[16,30],[-3,32],[31,5],[13,53],[-25,33],[96,76]],[[21188,24391],[3,-33],[-53,-63],[-3,-83],[57,-24],[-54,-31],[-1,-35],[37,-14],[-42,-32],[-35,-11],[2,-25],[-59,-19],[17,-48],[-75,-39],[-4,-17]],[[20978,23917],[-42,20],[-25,29],[-38,16],[-51,-28],[-25,23],[-85,11],[-65,-12],[-21,15],[-119,-51],[-62,9],[-36,36],[-70,13],[-43,42],[-53,20],[-27,34],[-64,12],[-27,24],[-43,38],[-37,7],[-22,-21],[-64,11],[-37,23],[-9,34],[-46,78],[-21,-13],[-44,11],[-77,53],[-77,4],[-19,13],[-32,-12],[-44,6],[-32,17],[-52,-32],[-85,-30],[-1344,-610]],[[18040,23707],[-1,1]],[[18039,23708],[450,886]],[[18039,23708],[-376,240]],[[17663,23948],[-417,267]],[[20978,23917],[-18,-24],[39,-62],[-79,-53],[-258,-137],[0,-3]],[[20662,23638],[-31,-27],[-68,45],[-58,10],[-39,-53],[-36,-81],[-22,-25],[-66,-26],[-23,-31],[-63,-20],[-22,5],[-148,-8],[-28,-20],[-90,7],[-8,-44],[-36,-5],[-23,16],[-68,2],[-104,41],[-51,54],[-57,-1],[-59,31],[-34,29],[-45,13],[-70,-24],[-74,22],[-87,-8],[-43,-15],[-135,4],[-1028,175]],[[18046,23704],[-2,1]],[[18044,23705],[-3,1]],[[18041,23706],[-1,1]],[[20662,23638],[34,-89],[-33,-17],[12,-37],[-16,-29],[21,-37],[49,-31],[43,-54],[7,-47],[1,-1],[2,-1]],[[20782,23295],[-63,25],[-42,-5],[-45,7],[-14,-15],[17,-70],[95,-30],[61,-53],[-12,-41],[-101,-56],[13,-59],[50,-58],[-2,-71],[-30,-3],[-15,21],[-43,9],[-30,33],[-45,21],[-92,5],[-66,-20],[-48,-4],[-41,9],[-25,-35],[-19,-64],[-39,-14],[-23,41],[-28,24],[-47,-11],[-14,-15],[-37,19],[-52,6],[-45,22],[-41,1],[-26,-28],[-36,9],[-43,-20],[-32,2],[-13,-20],[-61,33],[-34,-13],[-30,16],[-6,2],[-99,49],[-1533,760]],[[12187,23887],[18,22],[7,40],[41,-8],[-6,-42],[106,-19],[25,181],[-3,127],[-18,20],[26,43],[13,62],[-11,12],[24,50],[4,52],[19,63]],[[12432,24490],[58,1],[110,68],[14,-45],[28,4],[23,63],[132,19],[-1,29],[76,23],[20,15],[30,-86],[193,66]],[[13115,24647],[9,-22],[42,-29],[-8,-26],[17,-51],[41,-70],[47,-130],[7,-44],[18,-105],[-6,-62],[10,-77],[77,-197],[13,-71],[25,-88],[7,-61],[16,-40]],[[13430,23574],[-144,-37],[-27,-26],[-79,-4],[-5,67],[-100,-11],[-16,-41],[-29,62],[-4,59],[-31,-24],[-60,14],[-42,-6],[-21,2],[-5,-58],[-40,-42],[-18,-3],[-18,40],[-76,26],[-29,-19],[-17,-36],[-27,-4],[44,-62],[7,-48],[-11,-36],[-77,-61],[-26,37],[-116,49],[-17,25],[-41,-2],[-13,55],[5,44],[-14,39],[0,38],[33,17],[-62,45],[12,12],[-24,87],[-105,63],[-3,31],[-47,21]],[[26361,20129],[-348,-19],[-37,0],[-21,16],[-6,63],[-60,73],[-5,19],[-87,82],[-43,21],[-49,48],[-119,40],[-53,52],[-29,11],[-58,-9],[-43,41],[-36,11],[-92,54],[-25,39],[-17,72],[-44,18],[-64,-22],[-41,22],[-55,-2],[-26,32],[-119,33],[-51,-19],[-98,9],[-66,35],[-63,-4],[-70,5],[-57,-36],[-57,25],[-142,49],[-120,31],[-70,-43],[-27,19],[-56,-8],[-51,-41],[-62,-13],[-42,-32],[-83,19],[-41,-12],[-42,6],[-49,73],[-31,15],[-27,32],[33,66],[18,60],[-20,21],[-32,-10],[-29,15],[-69,1],[-35,40],[-28,-12],[-18,-42],[-40,28],[-9,28],[-28,32],[-45,22],[-82,-19],[-17,-111],[-18,-30],[-46,-41],[-20,-50],[-70,-65],[-112,-64],[-65,-17],[-61,-24],[-105,-13],[-58,10],[-26,-23],[-106,0],[-105,13],[-62,-1],[-32,-22],[-31,29],[-59,-4],[-17,-26],[-14,-66],[-27,-8],[-40,-36],[-15,15],[-51,9],[-13,-29],[-68,-10],[-99,4],[-22,-24],[-45,16],[-13,-28],[-74,-16],[-10,-22]],[[21694,20530],[-24,-7],[-23,28],[-29,6],[-22,-30],[-34,-16],[-45,5],[-34,38],[-60,-2],[-23,59],[-26,5],[-64,-31],[-27,23]],[[21283,20608],[23,69],[-12,19],[-11,79],[-59,0],[-12,31],[29,97],[-51,23],[4,43],[-13,87]],[[21181,21056],[1,50],[73,36],[52,43],[32,37],[-18,15],[-95,105],[5,19],[-80,59],[-24,20],[16,63],[11,82],[-31,103],[33,82],[37,62],[79,164],[21,57],[41,42],[42,50],[34,74],[7,31]],[[21417,22250],[83,13],[67,72],[-1,58],[26,15],[-2,69],[27,40],[-4,38],[-32,27],[55,55],[-32,38],[48,111],[22,3],[0,41],[-27,19],[19,67],[50,75],[1,55],[21,43],[36,14],[48,-9],[63,0],[44,-35],[67,-12],[59,0],[90,12],[87,-4],[71,-28],[22,20],[42,-5],[61,46],[13,29],[46,32],[23,67],[35,20],[30,-3],[43,13],[15,40],[-6,24],[96,165],[17,53],[1,80],[8,77],[42,14],[20,27],[53,15],[-5,30],[10,53],[25,14],[3,45],[47,60],[36,19],[20,26],[52,20],[40,31],[53,-14],[9,-15],[52,-15],[27,40],[33,17],[31,-4],[10,37],[60,45],[22,58],[27,24]],[[20928,20243],[113,9],[26,-8],[70,50],[-21,22],[23,78],[47,15],[-9,66],[51,31],[55,102]],[[21694,20530],[47,-60],[44,-102],[63,-40],[32,-4],[14,-34],[41,-27],[36,-52],[29,8],[19,-50],[23,3],[25,-37],[84,30],[56,-29],[1,-19],[-17,-22],[-79,-21],[-45,-29],[14,-45],[-68,-23],[-161,-26],[-12,-26],[30,-28],[20,-64],[-2,-30],[28,-27],[12,-41],[25,-18],[1,-43],[-15,-10],[8,-54],[35,-25],[21,-45],[53,-70],[19,-36],[-4,-99],[-15,-75],[29,-34],[40,-1],[24,-22],[38,-92],[8,-38],[43,5],[18,42],[19,11],[8,37],[22,6],[18,33],[52,-22],[10,34],[46,39],[49,11],[37,-41],[30,-9],[4,-26],[-17,-22],[-8,-253],[10,-111],[-16,-54],[13,-52],[7,-109],[0,-109]],[[22540,18483],[-46,19],[-57,77],[-116,7],[6,-57],[-29,-11],[-24,24],[-64,-1],[-21,-19],[-16,-43],[-20,-109]],[[22153,18370],[-60,14],[-29,17],[-65,10],[-27,-11],[-30,11],[-70,0],[-46,17],[-11,24],[-71,14],[-35,21],[-55,-14],[-45,41],[-27,-5],[-26,22],[-85,18],[-74,-3],[-51,23],[-23,-7],[-41,23],[-58,18],[-40,67],[-37,-18],[-84,-74],[-47,23],[-19,23],[-38,-3],[-64,11],[-56,41],[-41,12],[-39,-7],[-30,-23],[-36,-2]],[[26926,18837],[-41,17],[-55,-13],[-26,12],[-51,-31],[-64,22],[-136,-39],[-23,-32],[-63,-24],[-64,18],[-11,-22],[-37,3],[-32,-12],[-134,24],[-55,53],[-32,6],[-57,-9],[-63,3],[-32,-28],[-79,33],[-44,-8],[-36,-23],[-75,-6],[-53,42],[-39,16],[-52,-7],[-37,26],[-65,13],[-105,-21],[-46,11],[-79,-18],[-65,21],[-147,12],[-79,26],[-46,-7],[-66,46],[-37,10],[-68,-9],[-39,-16],[-40,3],[-21,-21],[-43,-108],[-21,-125],[-59,-247],[-55,-10],[-31,20],[-51,12],[-98,1],[-47,13],[-80,-59],[-43,-22],[-45,19],[-88,9],[-33,-37],[-63,-29],[-53,-17],[-103,17],[-99,26],[-107,5],[-28,-12],[-18,-39],[10,-30],[-21,-73],[7,-30],[-80,10],[-82,-8],[-192,4],[-15,18],[-69,5],[-30,73],[-8,40],[-43,30],[-11,22],[-65,17],[-39,-22],[-79,6],[-109,46]],[[22641,18433],[-101,50]],[[16266,21464],[-51,-39],[-51,-6],[-40,-32],[-64,-16],[-75,-39],[-22,6],[-25,-31],[-112,6],[-47,-13],[-18,16],[-84,17],[-31,-9],[-80,67],[-42,-4],[-84,58],[-66,14],[-6,48],[-45,15],[-28,-11],[-69,18],[-122,-5],[-53,-16],[-77,27],[-63,-26],[-87,-89],[14,-31],[1,-130],[-13,-44]],[[14826,21215],[-40,31],[-84,116],[-27,56]],[[14675,21418],[3,53],[-110,435]],[[14568,21906],[36,67],[4,45],[-24,56],[-62,27],[-1,57]],[[14521,22158],[530,185],[0,-17]],[[15051,22326],[0,-84],[40,-43],[6,-28],[85,8],[23,-27],[53,-37],[80,-3],[28,-22],[53,9],[80,-8],[22,-20],[34,15],[21,31],[67,-11],[-24,-63],[-13,-5],[-45,-74],[-6,-54],[79,-14],[75,17],[50,-31],[74,3],[21,-25],[52,-2],[47,-13],[57,25],[25,24],[89,5],[23,-14],[34,-58],[19,4],[73,-7],[23,16],[28,-5],[51,-34],[4,-46],[23,4]],[[16402,21759],[0,-20],[-51,-87],[10,-33],[-56,-97],[-57,-1],[18,-57]],[[6486,42137],[-56,-40],[-96,-20],[-120,-12],[-194,-3],[-43,-10],[-30,13],[-56,-1],[-50,22],[-53,-3],[-77,37],[-39,-8],[-95,82],[-14,53],[-13,101],[0,69],[24,190],[3,174],[-8,112],[4,112],[-10,283],[12,82],[4,198],[-4,87],[41,159],[-96,67],[-147,-9],[-78,-18],[-126,-2],[-119,4],[-35,16],[11,46],[-23,47],[18,34],[101,103],[56,94],[35,40],[52,16],[37,-8],[36,18],[112,28],[143,-3],[48,10],[117,69],[22,6],[156,-27],[83,4],[42,13],[45,38],[119,50],[149,25],[57,6],[65,44],[47,58],[37,31],[59,63],[48,107],[44,59],[46,40],[48,129],[-24,89],[-27,39],[-49,31],[-64,55],[-56,119],[-53,27],[-13,40],[-20,14],[-25,59],[-48,24],[-10,19],[-94,71],[-10,26],[-107,50],[-5,28],[-26,22],[-35,70],[-7,53],[-34,46],[-37,4],[-28,32],[0,25],[-40,9],[-45,94],[-33,133],[27,32],[-11,32],[11,50],[1,120],[17,46],[-17,36],[23,44],[-32,53],[12,38],[-4,34],[29,68],[-11,56],[-23,25],[6,24],[-23,94],[20,28],[-15,97],[21,80],[8,97],[-18,75],[1,64],[10,23],[-28,85],[-17,-4],[-42,62],[-61,43],[-68,90],[-20,74],[11,49],[-30,64],[-63,56],[-9,40],[-25,36],[-7,37],[-20,16],[-14,52],[-1,65],[-20,35],[-12,47],[10,46],[-18,73],[-43,27],[-96,121],[0,117],[26,22],[-7,52],[-48,32],[-17,44],[16,50],[2,96],[-27,60],[4,43],[-35,109],[-8,81],[3,91],[-20,140],[-6,46],[-1,128],[15,54],[-9,87],[39,83],[-4,59],[20,62],[-17,155],[-4,200],[-8,247],[8,92],[-11,0],[-105,418]],[[5200,51089],[277,263],[417,360],[391,338],[507,752],[183,271],[740,30],[585,30],[259,0],[160,-126],[179,-61],[382,-18],[160,-72],[167,-102],[221,-24],[241,-150],[86,-91],[49,-36],[13,-48],[-74,-168],[-25,-91],[-6,-126],[55,-72],[56,-96],[6,-115],[-55,-907],[-23,-346],[0,-138],[16,-23],[139,-39],[98,-80],[76,-119],[23,-136],[32,-216],[7,-85],[6,-148],[18,-131],[2,-82],[21,-178],[15,-245],[9,-46],[29,-44],[44,-32],[27,-46],[11,-56],[7,-135],[35,-30],[41,-17],[21,-32],[-4,-24],[-69,-67],[-25,-46],[70,-77],[-53,-5],[-30,-59],[-12,-67],[15,-14],[43,-91],[-9,-125],[-33,-100],[-37,-62],[-21,-82],[12,-38],[-50,-103],[-20,-127],[-11,-121],[6,-36],[1,-139],[6,-95],[11,-52],[5,-92],[-14,-94],[28,-112],[-12,-41],[-7,-78],[0,-99],[11,-16],[4,-106],[14,-85],[29,-50],[-39,-76],[-114,-189],[-79,-152],[-69,-150],[-92,-154],[14,-81],[-40,-105],[-32,-68],[11,-85],[-2,-167],[31,-67],[20,-20],[-26,-90],[-4,-68],[15,-21],[1,-66],[-18,-77],[2,-47],[-23,-89],[6,-55],[-17,-52],[-4,-60],[-54,-83],[-37,-90],[-7,-71]],[[10119,43940],[-22,-29],[-45,-33],[-132,-39],[-40,-27],[-76,-103],[-35,-65],[-49,-72],[-39,-43],[-8,-32],[-45,-23],[-51,17],[-63,-21],[13,-68],[-12,-31],[22,-43],[-18,-32],[7,-162],[41,-104],[23,-16],[23,-50],[-40,-23],[14,-34],[-22,-74],[-51,5],[-34,-7],[-48,16],[-77,5],[-48,22],[-49,-9],[-71,40],[-50,-3],[-53,-34],[-33,-6],[-66,14],[-39,-29],[-29,14],[-46,-25],[-24,17],[-40,-27],[-54,2],[-91,-35],[-31,-29],[-42,-2],[-25,-34],[-33,5],[-32,-44],[-50,1],[-29,-16],[-28,27],[-84,3],[-42,25],[-27,64],[-43,10]],[[8196,42803],[-45,26],[-60,18],[-10,59],[-31,34],[-39,9],[-42,-18],[-39,13],[-42,-7],[-38,19],[-76,3],[-74,13],[-59,-26],[-39,-3],[-35,41],[-69,100],[-21,41],[-18,122],[-22,49],[-32,48],[-4,67],[-14,33],[-90,10],[-79,-4],[-84,20],[-79,47],[-61,25],[-163,20],[-35,17],[-165,39],[-24,-31],[-26,-68],[-42,-30],[-9,-29],[-26,-16],[-10,-38],[-35,-30],[-54,-83],[-34,-1],[-41,-43],[-2,-54],[15,-21],[-1,-52],[-19,-50],[7,-58],[-48,-114],[19,-31],[-21,-36],[11,-29],[-16,-31],[27,-32],[-22,-37],[13,-65],[27,-174],[33,-154],[28,-60],[39,-46],[51,-30],[15,-38]],[[20648,18602],[-56,-90],[-37,-29],[-18,-49],[-43,-20],[-60,-50],[-16,-28],[-4,-91],[-37,-18],[48,-52],[35,-13],[48,-45],[-21,-29],[49,-52],[-22,-41],[-3,-37],[34,-102],[81,-97],[122,-131],[46,-64],[19,-113],[14,-25],[46,-23],[50,-3],[83,6],[14,-32],[25,-11]],[[21045,17363],[8,-52],[37,-76],[3,-65],[11,-38],[1,-113],[16,-42],[-1,-74],[-12,-70],[10,-70],[20,-39],[19,-109],[58,-5],[-6,-27],[7,-59],[-70,-27],[-17,-28],[8,-42],[-18,-13],[-1,-77],[28,12],[81,-4],[60,-25],[98,-53],[40,-39],[70,-49],[79,-13],[7,26],[-21,36],[-22,101],[-23,51],[92,71],[-8,28],[32,29],[-3,109],[17,65],[91,3],[-6,32],[21,11],[99,-45],[42,64],[42,8],[18,61],[-3,23]],[[21949,16839],[25,1],[39,-49],[55,28],[30,-25],[20,-39],[21,-10],[32,-44],[20,-61],[20,-26],[63,-33],[40,-49],[32,-21],[33,-69],[-2,-72],[45,-25],[34,-52],[8,-34],[45,-32],[70,-90],[28,-64],[-24,-34]],[[22583,16039],[-115,-11],[-26,-24],[-24,5],[-50,-14],[-47,1],[-63,15],[-52,-13],[-59,12],[-57,2],[-41,-13],[-99,9],[-65,-1],[-116,-43],[-57,-7],[-72,-22],[-43,-22],[1,-36],[47,-55],[9,-52],[-34,-35],[-41,-15],[7,-44],[-11,-46],[10,-46],[30,-2],[19,-31],[-4,-58],[37,5],[23,-16],[-18,-66],[68,19],[11,-18],[44,12],[20,-67],[-9,-30],[-47,-14],[0,-34],[28,-51],[-25,-27],[36,-78],[3,-36],[50,-73],[18,-74],[5,-60],[26,-23],[44,1],[35,-35],[7,-40],[21,-32],[55,-26],[29,-1],[-6,-41],[51,-37],[40,-4],[-1,-19],[-29,-29],[-88,-3],[-58,-35],[-62,18],[-59,-4],[-38,16],[-34,0],[-31,-17],[-46,4],[-154,92],[-38,33],[-27,39],[-113,-43],[-174,-7]],[[21224,14692],[2,50],[-42,15],[-32,-1],[-15,44],[17,36],[31,22],[-35,33],[-33,8],[-70,78],[-22,15],[-95,96],[-41,89]],[[20889,15177],[-1,39],[20,18],[42,-11],[25,30],[9,53],[-12,70],[-16,53],[-32,45],[6,37],[-26,25],[-25,-1],[9,103],[-31,10],[-9,23],[-58,22],[15,52],[-13,33],[-54,29],[-35,87],[-24,47],[-34,34],[-7,34],[-37,42],[-8,33],[-32,45],[-22,65],[-43,17],[-63,77]],[[22641,18433],[-5,-54],[-20,-40],[-49,9],[-16,-57],[3,-107],[27,-118],[15,-142],[36,-114],[1,-55],[12,-52],[-68,-49],[-70,-68],[-85,-91],[-2,-35],[16,-33],[-49,-10],[-78,-77],[-37,18],[-12,-16],[-43,5],[-14,-14],[-7,-81],[-27,-11],[-38,25],[-45,2],[-47,-15],[-23,20],[-57,2],[-79,45],[-84,-26],[-14,-27],[-33,-26],[-35,4],[-21,-54],[25,-1],[31,28],[70,-11],[10,-55],[46,-25],[52,-85],[-6,-38],[23,-43],[-19,-47],[-10,-73],[34,-2]],[[21045,17363],[25,0],[21,52],[42,-10],[108,7],[48,25],[18,-5],[73,35],[55,-22],[30,23],[36,-5],[33,26],[52,-14],[57,40],[30,18],[19,29],[42,19],[21,-8],[19,5],[66,60],[34,95],[64,26],[16,18],[-11,38],[5,46],[-19,141],[-15,37],[19,36],[0,70],[-18,69],[24,-7],[43,12],[79,3],[66,-24],[26,172]],[[6702,30672],[-224,103]],[[6478,30775],[-135,-79],[-40,21],[-92,-15]],[[6211,30702],[-72,-12],[-21,-78],[-20,28],[-58,32],[-32,1],[-102,78],[-49,51],[39,60],[-90,86],[-73,116],[-102,18],[-63,-28],[-68,-27],[-168,25],[-176,-6]],[[5156,31046],[8,165],[-469,-114]],[[4695,31097],[64,49],[-12,19],[-5,118],[6,48]],[[4748,31331],[46,12],[81,0],[23,34],[30,-1],[26,21],[-30,37],[31,33],[38,13],[-9,42],[30,45],[35,12],[56,81],[26,2],[55,55],[13,30],[16,86],[0,40],[45,15],[34,60],[47,9],[1,22],[40,17],[50,142],[-3,23],[103,20],[7,52],[28,17],[77,-15],[43,21],[76,-18],[109,28],[61,47],[68,67],[-6,41],[30,32],[5,33],[69,89],[31,75],[-4,87],[75,58],[19,24],[-9,28],[24,16],[7,31],[37,28],[-1,19],[56,26],[35,40],[1,54],[-25,11],[35,48],[-5,29],[-24,22],[27,27],[-26,24],[-17,51],[-27,34],[11,54],[-13,45],[-18,14],[6,49],[51,14],[23,33],[23,-1],[27,47],[-16,29],[44,71],[-3,29],[62,122],[3,48],[15,17],[60,14],[26,19],[175,28],[18,22],[3,41],[41,42],[5,31],[59,26],[12,37],[39,28],[58,14],[38,-8],[27,-65],[78,-47],[49,-1],[13,-15],[48,-3],[21,16],[21,86],[1,46],[-21,9],[11,87],[23,51],[52,28],[54,52],[-22,16],[24,38],[1,35],[29,38],[56,8],[13,24],[87,20]],[[7622,34595],[41,-13],[37,-35]],[[7700,34547],[12,-44],[-6,-51],[8,-51],[-26,-24],[-31,-55],[-109,-75],[-12,-85],[-24,-79],[-33,-39],[28,-136],[-10,-28],[9,-31],[-19,-31],[13,-66],[21,-48],[41,-26],[22,-37],[3,-38],[60,-118],[85,4],[28,-33],[-42,-39],[-32,-84],[-4,-60],[27,-74],[-49,-96],[23,-100],[22,-47],[19,-93],[-17,-48],[-32,-21],[5,-58],[-48,-36],[2,-23],[-46,-29],[22,-28],[-1,-28]],[[7609,32592],[-67,6],[-57,-49],[-125,-26],[-258,-17],[-33,8],[-99,7],[-67,54],[-35,0],[-17,-19],[-3,-39],[-99,-80],[-47,-27],[-79,5],[-40,-69],[-8,-65],[-89,6],[-85,-53],[-24,25],[-23,-21],[18,-58],[-23,-10],[2,-37],[-25,-105],[11,-38],[2,-58],[53,-17],[44,-36],[-3,-23],[32,-66],[-21,-102],[-81,-25],[22,-64],[37,-35],[-23,-52],[-17,-5],[57,-68],[35,-67],[71,-102],[-47,-39],[-34,-90],[73,-57],[53,-24],[40,31],[64,-1],[24,-10],[113,16],[8,19],[64,24],[-17,-25],[-68,-58],[-12,-60],[18,-45],[-5,-30],[12,-44],[-15,-41],[-83,-12],[-22,-19],[4,-67],[-18,-34],[5,-32]],[[4748,31331],[-2,20],[-104,129],[-73,108],[-59,71],[9,26],[74,27],[0,38],[-62,75],[-24,78],[41,43],[114,66],[79,53],[23,32],[79,1],[71,30],[-1,104],[-5,15],[2,94],[-15,18],[37,136],[140,141],[85,-12],[90,50],[109,76],[32,49],[59,95],[169,325],[19,200],[11,127],[19,107],[0,495],[40,128],[78,261],[11,42],[-92,111],[-89,116],[-46,78],[10,62],[16,21],[-91,273],[-21,55],[141,147],[10,33],[-87,336],[-69,180],[-15,21],[-113,211],[-39,67],[-76,191],[-43,83],[-33,91],[-49,150],[-63,163],[-18,71],[-2,45],[24,79],[70,89],[101,65],[76,30],[99,9],[29,-9]],[[5424,37347],[126,-61],[40,-35],[49,-30],[34,13],[10,29],[27,190],[-4,33],[13,265],[97,-55],[136,-65],[76,-73],[42,-26],[6,51],[42,-8],[50,6],[26,21],[38,62],[14,79],[-36,98],[20,131],[42,146],[21,46],[37,35],[8,53],[0,45],[27,80],[40,0],[80,-17],[108,-60],[74,-105],[96,-99],[118,-85],[25,-33],[2,-80],[-4,-124],[-34,-187],[5,-95],[39,-75],[11,-46],[46,-65],[-6,-70],[27,-81],[13,-93],[83,-269],[16,-39],[18,-87]],[[7122,36667],[49,-106],[34,-112],[21,-53],[44,-150],[43,-90],[29,-80],[86,-208],[12,-52],[17,-93],[-13,-119],[3,-96],[24,-48],[14,-58],[17,-201],[25,-79],[43,-76],[18,-56],[32,-135],[67,-153],[-42,-31],[-23,-76]],[[16389,29015],[-12,-48],[9,-139],[-69,-57],[-39,6],[-12,-86],[31,-45],[-4,-33],[-63,-54],[-11,-42],[-11,-116],[13,-13]],[[16020,28381],[-56,-22],[-17,-40],[-31,-14],[-14,42],[-32,25],[-34,-1],[-51,-28],[-48,14],[-60,1],[-100,219],[-37,57],[17,28],[-54,31],[-5,65],[-75,145],[-1,69],[-136,79],[-70,-10],[-125,-47],[-107,-159],[-122,-51],[-61,14],[-88,-6],[-41,-17],[-336,-18],[-685,0],[-30,-1],[16,110],[17,61]],[[13654,28927],[-5,18],[-130,78],[-41,34],[-59,-2],[-87,68],[-32,43],[5,26],[-44,17],[-60,-1],[-52,24],[-2,27]],[[13147,29259],[-5,7],[89,76],[73,71],[98,157],[40,90],[27,71],[-1,71],[-66,154],[12,58],[-13,52],[11,50],[-24,49],[6,103],[19,39],[1,33],[-24,80],[-29,30],[8,73],[28,51],[11,61],[-15,19],[-48,8],[-69,38],[-31,-28],[-85,-39],[-32,8],[-13,64],[40,36],[3,87],[-12,49],[60,54],[36,10],[28,-29],[19,46],[-7,26],[-54,69],[-27,-5],[-43,15],[-43,47],[32,29],[11,40],[48,-17],[22,23],[33,-19],[41,-41],[35,0],[87,-77],[15,-2],[19,14],[-9,83],[-36,40],[-38,65],[4,55],[-11,13],[-48,-17],[-34,-25],[-30,16],[-47,5],[-9,33],[-34,8],[-27,35],[19,20],[34,-7],[52,66],[45,29],[7,57],[64,43],[36,45],[116,71]],[[13512,31695],[35,30],[65,22],[83,35],[26,-23],[97,-52],[12,-37],[27,-37],[43,-32],[15,-45],[81,-96],[32,-32],[38,40],[23,-15],[84,-2],[56,27],[4,-34],[22,-9],[7,-66],[28,-26],[-3,-27],[37,-5],[37,17],[-27,-153],[-60,-42],[-24,-44],[6,-64],[33,-28],[4,-24],[39,-5],[68,-52],[27,-61],[-14,-59],[19,-41],[15,-62],[-4,-43],[11,-86],[92,10],[120,18],[155,51],[-11,41],[3,46],[23,55],[17,82],[8,70],[42,-44],[22,6],[126,-28],[41,31],[9,-47],[-10,-15],[7,-53],[19,-13],[25,-48],[39,-52],[6,-49],[-8,-47],[-50,-59],[-7,-72],[-84,-84],[-39,-23],[17,-166],[34,-228],[137,-133],[-87,-42],[-103,-38],[49,-71],[50,4],[53,31],[99,43],[81,49],[-7,29],[90,64],[38,15],[36,40],[100,74],[21,-53],[85,-155],[22,-67],[71,-97],[65,-63],[58,-45],[-48,-167],[-56,-176],[-3,-96],[4,-54],[-35,-95],[-5,-65],[-18,-54],[38,-18],[64,25],[81,8],[67,21],[20,-7],[56,37],[61,20],[25,-4],[43,20],[4,42],[101,16],[62,16],[20,15]],[[27063,16485],[-86,16],[-67,28],[-139,31],[-49,35],[-53,13],[-44,-18],[-105,28],[-8,18],[-72,73],[-33,19],[-31,0],[-52,-18],[-75,10],[-74,-3],[-28,59],[-62,17],[-36,28],[-32,1],[-43,28],[-34,-18],[-181,-219],[-200,-69],[-389,-226],[-199,-90],[-512,-220],[-99,-44],[-122,-76],[4,-42],[-18,-65],[7,-67],[-3,-60],[-62,-30],[-17,-67],[-26,-20],[-27,17],[-83,-50],[-3,22],[-99,16],[-26,-15],[-24,-66],[-29,-23],[7,-28],[-46,-32],[-40,5],[-51,-32],[-100,-8],[-4,27],[-57,-3],[-168,4],[-87,-7],[-144,-1],[-53,6],[-19,58],[-29,-1],[-71,100],[-21,42],[-53,79],[5,56],[-31,39],[-77,9],[-56,71],[-86,72],[-23,33],[-15,60],[-30,52]],[[31653,4734],[-94,0],[-15,-10],[-145,31],[0,30],[4,45],[22,42],[29,36],[-5,33],[30,53],[25,66],[-15,48],[-37,-4],[-53,-43],[-53,-14]],[[31346,5047],[-48,53],[-26,69],[-53,5],[-9,84],[-12,14],[39,46],[37,9],[21,34],[27,110],[-19,24],[13,28],[28,10],[33,-36]],[[31377,5497],[20,-54],[77,-43],[53,4],[15,22],[67,55],[29,-31],[49,7],[69,-21],[31,-58],[11,-75],[-19,-57],[19,-43],[4,-80],[-46,-78],[5,-15],[-27,-49],[-13,-65],[-38,-67],[-25,-67],[-5,-48]],[[31498,5534],[-33,47],[-55,16],[-68,-13],[-41,11],[-14,73],[-25,38],[-50,5],[-26,27],[41,44],[13,41],[25,11],[23,60],[59,36],[45,28],[69,-1],[67,-21],[32,-32],[16,130],[-14,78],[6,53],[149,2],[107,1],[31,90],[14,41],[-27,127],[78,6],[20,137],[56,109],[39,32],[4,26],[-22,24],[-107,15],[14,77],[61,96]],[[31985,6948],[0,0],[28,39],[29,19],[116,-2],[36,38],[1,19],[85,58],[-47,97],[7,34],[37,-13],[50,-133],[103,19],[-7,32],[51,7],[-9,61],[22,13],[5,38],[-152,142],[-1,41],[30,30],[134,0],[82,5],[82,-24],[28,-13],[1,-90],[24,-1],[55,11],[3,-73],[144,9],[30,30],[129,-1],[33,-42],[25,-15]],[[33139,7283],[-39,-44],[-119,-92],[-101,-34],[-97,-87],[-78,-39],[-25,21],[-67,-30],[-22,-55],[-71,-22],[-60,-70],[-118,-79],[-19,5],[4,60],[64,46],[19,-13],[33,41],[-15,26],[12,26],[-134,-21],[-2,31],[-60,48],[-6,-21],[-67,-9],[-25,-26],[1,-52],[18,-27],[-34,-18],[26,-26],[27,6],[31,-27],[20,-37],[83,-27],[12,-68],[-55,-114],[-9,-34],[-48,-104],[-40,-69],[-33,-85],[-37,-60],[-5,-24],[3,-14],[-21,-78],[-41,-98],[-28,-83],[-50,-118],[-23,-36],[-53,-123],[-52,-82],[-31,-69],[-34,-24],[-77,16],[-48,0],[-16,31],[-38,24],[-23,-1],[-44,73],[-29,-63]],[[32279,6890],[-11,-25],[-27,-4],[-36,37],[74,-8]],[[27175,14403],[-210,-408],[-8,0],[-192,-466],[-5,-2],[-468,-881],[-249,-470],[-45,-23],[-7,-41],[-19,-11],[-81,1],[-40,-14],[-25,-26],[-103,-16],[-20,-29],[-5,-41],[-86,-61],[-21,-30],[-52,-27],[-33,-38],[-63,-26],[-126,-28],[-103,-2],[-54,9],[-11,25],[-46,-3],[344,-462],[334,-444],[324,-434],[328,-441],[687,-919],[289,-403],[63,-117],[-10,-11]],[[27462,8564],[-24,-6],[-38,39],[-39,9],[-10,44],[-57,-3],[-27,13],[-119,-25],[-54,6],[-26,-12],[-46,-64],[-75,-12],[-64,5],[-103,23],[-28,-29],[-60,-13],[-43,0],[-73,28],[-28,-1],[-93,-52],[-80,-52],[-68,-9],[-26,30],[-22,1],[-23,-27],[-44,-6],[-50,-31],[-55,-10],[-52,25],[13,41],[-46,33],[-51,3],[-49,18],[-114,-4],[-84,12],[-61,34],[-107,29],[-51,-15],[-146,-15],[-24,-7],[-18,49],[-42,28],[-31,43],[-28,20],[-70,0],[-101,26],[-18,18],[9,42],[-67,-20],[-26,11],[-56,49],[-116,6],[-86,39],[-35,26],[-37,-10],[-60,2],[-36,-42],[-57,3],[-1,16]],[[24439,8870],[-2,128],[-36,12],[-3,40],[-24,26],[-17,42],[-48,-3],[-9,49],[-41,88],[-31,42],[1,27],[-56,20],[23,45],[-9,25],[-55,9],[10,52],[-34,20],[6,32],[-42,18],[-21,32],[17,27],[-3,40],[-19,39],[-6,54],[-41,29],[21,38],[6,47],[43,23],[7,17],[-32,58],[-4,25],[-39,84],[-25,32],[-12,57],[-31,48],[-47,122],[-37,74],[-20,73],[-27,52],[3,28],[-81,75],[2,39],[-25,19],[-3,36],[-49,133],[-19,34],[-15,61],[-40,14],[-25,91],[-16,23],[34,46],[-35,24],[-48,15],[6,28],[-21,42],[5,39],[-16,14],[-5,49],[-23,13],[-4,56],[-44,13],[-35,56],[-40,22],[-39,172],[-9,12],[-32,126],[-15,12],[-114,14],[-37,44],[-35,7],[-21,37],[-60,25],[-17,80],[-46,144],[-61,5],[-18,33],[-51,47],[-62,-1],[-119,57],[-19,29],[-70,6]],[[22483,12332],[-57,13],[-23,19],[-20,20],[-7,54],[-31,7],[5,83],[-38,10],[-27,52],[-40,0],[-27,16],[-5,36],[-24,16],[-48,63],[0,40],[-15,80],[-27,32],[31,27],[-38,16],[-37,76],[-7,50],[-34,31],[13,39],[-37,34],[-36,-1],[-49,24],[-28,69],[-19,14],[-74,-34],[-89,-19],[-38,-22],[-75,-27],[-18,110]],[[21564,13260],[-52,67],[2,51],[13,49],[-2,34],[15,23],[-10,33],[15,90],[-9,72],[-24,35],[4,43],[-19,55],[-38,10],[-28,27],[24,45],[-27,29],[10,44],[-25,17],[6,25],[-47,34],[-56,158],[11,15],[-18,38],[14,32],[-13,47],[-27,46],[18,93],[26,21],[1,36],[-55,-8],[-25,14],[8,49],[-22,56],[-10,52]],[[20889,15177],[-17,-29],[-107,4],[-4,25],[-65,19],[-7,22],[-39,-11],[-42,12],[-40,-29],[-41,34],[-52,-29],[-63,17],[-17,22],[-42,-8],[-32,-26],[-69,5],[-24,37],[-1,32],[-57,29],[-17,-1],[-20,9],[-45,-30],[-75,-14],[-26,-25],[-12,55],[-42,7],[-81,-19],[-1,126],[-115,-4]],[[19736,15407],[20,14],[2,37],[-54,16],[-21,52],[-68,45],[-86,43],[-32,-22],[-41,18],[-9,-48],[-18,-38],[-86,9],[-20,14],[-88,-16],[-78,29],[-17,2],[-57,-56],[-23,-37],[-31,-14],[-8,-40],[-106,-4],[-55,-13],[-31,3],[-41,22],[-5,25],[-38,4],[-34,44],[8,20],[-29,45],[-45,39],[-20,47],[-18,7]],[[18008,15314],[15,-36],[40,-59],[18,-45],[65,11],[10,-31],[44,-27],[34,-56],[38,-32],[32,-6],[26,-124],[59,-34],[-3,-30],[34,-73],[37,-23],[19,-29],[-32,-11],[-30,-34],[36,13],[75,-4],[62,-48],[153,2],[60,16],[76,-6],[17,-15],[36,12],[27,-11]],[[18956,14634],[8,-23],[-30,-32],[-29,-12],[-36,-7],[-28,-27],[-92,5],[-21,-11],[-9,-35],[-35,-30],[-76,-10],[-11,-42],[17,-86],[-3,-48],[-55,-46],[3,-57],[-18,-32],[-37,-5],[-15,-39],[6,-65],[54,-19],[-3,-43],[34,-17],[66,-7],[18,-18],[4,-42],[17,-13],[9,-42],[34,30],[32,2],[30,-19]],[[18790,13844],[18,-26],[41,9],[63,-43],[-58,-165]],[[18854,13619],[-37,14],[-106,73],[-269,193],[-102,50],[-21,9],[-244,24],[-27,26],[-65,0],[-92,49],[-19,89],[-41,55],[-13,36],[-42,4],[-52,39],[-19,39],[-50,41],[-65,13],[-70,5],[-24,-13],[-41,10],[-46,-12],[-37,27],[1,34],[-47,19],[-68,99],[-44,74],[30,8],[8,53],[13,10],[-4,86],[-28,30],[-2,24],[-72,54],[2,70],[12,23],[-19,29],[56,56],[-6,30],[48,79]],[[19736,15407],[-89,-59],[-26,21],[-84,-78],[-13,-1],[-31,-73],[-27,-31],[-33,-6],[-23,17],[-42,7],[-45,-13],[-35,-49],[-58,-59],[-75,-64],[43,-41],[-3,-44],[-18,-23],[-28,6],[-45,-55],[-29,1],[-167,87],[-41,-192],[14,-42],[75,-82]],[[21564,13260],[-95,20],[-14,32],[-55,-4],[-47,12],[-21,26],[-36,-26],[-18,26],[-27,-30],[-43,-1],[-28,60],[-63,-1],[-45,-34],[-22,27],[-81,63],[-27,2],[-73,-3],[-26,-30],[-57,-35],[-11,37],[-89,62],[-70,55],[5,28],[-56,23],[-26,-24],[-18,41],[-52,-8],[-42,20],[-30,16],[12,40],[-15,13],[-38,-19],[-24,19],[-44,-2],[-17,60],[-42,22],[-27,34],[-44,5],[-29,51],[-2,55],[-58,16],[-13,64],[-43,4],[-24,46],[-10,65],[-44,23],[-52,49],[9,16],[-29,37],[-16,-15],[-75,72],[-75,21],[-64,-12],[-19,9],[-57,0],[0,-21],[32,-18],[-14,-39],[-43,-47],[54,-61],[-26,-21],[-74,31],[-94,7],[-14,-25],[11,-31],[-26,-30],[-41,-14],[-59,30],[-3,-27],[-30,-38],[-15,54],[0,152],[-79,52],[-43,16],[1,-30],[61,-74],[-20,-60],[-50,-8],[-27,-38],[-30,-60],[-38,-11],[-31,9],[-44,-9],[-15,66],[-34,5],[-47,-26],[-19,-57],[-10,-120]],[[22483,12332],[-48,-20],[-15,-36],[-13,-134],[-48,18],[-21,-37],[-21,4],[-28,-41],[-64,-28],[-37,-34],[-47,10],[-122,59],[-46,-19],[-142,40],[-18,-66],[-32,-44],[-45,-32],[-25,7],[-44,-24],[-54,-72],[-33,-2],[-38,-38],[-42,33],[-90,10],[-51,20],[-25,21],[-236,-170],[-218,95],[-168,76],[13,250],[-6,43],[-30,64],[-96,124],[-63,67],[-24,35],[-50,-5],[-158,1],[-117,-22],[-16,-101],[-1,-96],[-14,-99],[-163,-73],[-87,-26],[-29,-17]],[[19871,12073],[-134,148],[-146,167]],[[19591,12388],[57,17],[-1,30],[53,31],[38,-37],[73,32],[46,10],[16,26],[50,22],[34,-18],[38,62],[4,47],[32,30],[-13,21],[12,31],[1,56],[-14,14],[-7,60],[48,23],[24,45],[38,30],[55,76],[90,40],[-75,27],[-11,49],[-41,46],[-32,-3],[-142,49],[-19,1],[-213,-29],[-28,1],[-129,39],[-108,82],[-45,56],[-69,-1],[-48,24],[6,35],[-37,25],[-13,24],[-64,26],[-113,44],[-109,37],[-121,51]],[[24223,8820],[40,38],[49,-2],[63,42],[23,-33],[41,5]],[[27462,8564],[77,-2],[13,-48],[37,-10],[11,53],[71,26],[55,69],[55,22],[37,-3],[6,-46],[23,-68],[25,6],[26,-37],[36,20],[59,-75],[5,-32],[31,-3],[26,43],[19,2],[26,-31],[82,10],[40,-26],[69,3],[6,-11]],[[28297,8426],[-42,-137],[-135,-499],[-138,-515],[-41,-164]],[[27941,7111],[-71,-256],[-288,-1050]],[[27582,5805],[-80,-304],[-85,-309],[-354,207],[-107,61],[-117,-190],[-81,-132],[534,-315],[-76,-174],[-126,-302],[-258,-596],[-6,-1],[-92,-28],[-280,-100],[-70,-19],[-210,-76],[-312,-108]],[[25862,3419],[-162,-60],[-691,-238],[-352,-121],[-474,-165]],[[31330,43825],[47,103],[253,524],[12,37],[110,226],[38,42],[147,72],[253,129]],[[32190,44958],[51,-43],[48,-58],[29,-93],[31,-35],[6,-27],[-8,-51],[-16,-28],[2,-62],[14,-66],[186,52],[84,32],[138,41],[28,4],[17,-26],[81,-45],[43,-2],[23,-14],[51,-61],[28,-50],[0,-100],[-15,-39],[13,-65],[-9,-61],[14,-51],[29,-27],[67,40],[41,10],[51,-5],[32,-19],[76,-64],[53,-38],[66,-11],[56,-42],[34,9],[62,51],[50,22],[37,29],[28,67],[4,39],[55,46],[24,-49],[-7,-33],[-45,-42],[-4,-37],[43,-61],[41,57],[43,111],[102,52],[12,23],[76,-42],[18,-27],[32,-157],[31,-18]],[[29594,29698],[11,14]],[[37813,33380],[0,-281],[-5,-170],[7,-136],[-4,-90],[1,-184],[-4,-251],[7,-142],[-5,-55],[4,-280],[-2,-246],[2,-93],[-4,-218],[5,-355],[-3,-227],[1,-199],[0,-633],[2,-49],[0,-396],[3,-113],[-4,-44],[1,-409],[-1,-274],[2,-39],[-1,-322],[-3,-47],[2,-73],[-4,-110],[-1,-209],[5,-24],[-3,-227],[1,-353],[-2,-207]],[[37810,26924],[-79,-63],[-64,-17],[-100,-63],[-104,-41],[-67,-47],[-72,-75],[-98,-83],[-61,-35],[-123,-58],[-71,-16],[-53,0],[4,-8],[-212,-53],[-73,-15],[-97,-45],[-50,-41],[-32,-44],[-36,-27],[-78,-17],[-40,-28],[-32,-97],[-58,-105],[-58,-34],[-5,-60],[-27,-33],[-156,-112],[-38,-8],[-44,10],[-60,-8],[-64,2],[-40,-36],[-45,3],[-52,-56],[-51,16],[-51,-9],[-45,31],[-96,44],[-86,-38],[-25,-42],[-38,-29],[-18,-71],[-24,-20],[-44,29],[-18,-3],[-57,-48],[-31,-9],[-169,-5],[-95,23],[-40,-7],[-57,-26],[-35,-3],[-55,21],[-44,32],[-63,20],[-156,8],[-86,11],[-76,56],[-72,42],[-126,59],[-115,46],[-132,83],[-95,83],[-125,143],[-75,76],[-91,79],[-85,34],[-100,59],[-88,69],[-138,99],[-105,70],[-69,24],[-149,8],[-85,14],[-112,36],[-108,50]],[[31653,4734],[-38,-116],[-33,-76],[-15,-87],[-75,-148],[-4,-16],[-171,-323],[-35,-92],[-55,-70],[-43,-7],[-34,-25],[-54,15],[-10,18],[-46,13],[-34,-22],[-63,14],[-26,33],[5,40],[-32,22],[-12,44],[52,57],[-46,10],[-45,-10],[-9,31]],[[30830,4039],[-24,68],[54,6],[-20,55],[-16,84]],[[30824,4252],[65,5],[-24,31],[1,34],[-22,41],[-10,43],[-33,52],[-47,9],[-48,50],[-7,120],[-20,71],[1,43],[16,28],[-22,44],[3,23],[-29,54],[7,57],[-14,16],[5,48],[0,0],[0,0],[13,40],[47,37],[-22,32],[10,56]],[[30694,5186],[8,36],[47,12],[26,-56],[40,-9],[32,28],[70,-8],[45,-15],[36,5],[75,-5],[0,-68],[26,-13],[77,-12],[93,17],[51,-45],[26,-6]],[[2884,25283],[-38,27],[-41,5],[-77,-20],[-51,-31],[-53,-10],[-48,33]],[[2576,25287],[59,28],[33,52],[-64,53],[-2,63],[35,66],[52,5],[30,22]],[[4648,25450],[-116,-20],[-13,11],[-43,-31],[-33,10],[-51,56],[-66,46],[-30,3],[-20,22],[-59,41],[-3,19],[-84,27],[24,49],[-31,89]],[[5425,26441],[-36,-97],[-60,33],[10,-86],[14,-99],[69,-155],[69,-138]],[[5491,25899],[50,-103],[7,-29],[1,-10]],[[5549,25757],[-89,-7],[-28,5],[-72,-172],[-71,0],[-22,-48]],[[2047,27553],[-28,10],[-21,-56],[-385,111],[-13,17],[48,56],[40,60],[-21,5],[-40,-40],[-28,1],[-33,29],[-38,17],[-67,1]],[[1461,27764],[20,40],[50,-26],[54,16],[9,23],[54,-18],[55,39],[93,40],[-5,84],[16,20],[-19,54],[26,37],[27,-4],[41,21],[21,32],[24,0],[12,19],[43,15],[-23,43],[-11,80],[18,158],[19,54],[22,15],[83,9],[61,30],[48,-1],[39,15]],[[824,26941],[36,21],[33,33],[48,28],[-13,144],[28,29],[-34,35],[56,85],[6,107],[53,128],[29,-3],[54,17],[48,63],[64,27],[21,25],[31,-14],[7,31],[34,44],[41,33],[34,-13],[14,21],[47,-18]],[[13449,21538],[-43,-24],[-197,-24],[-6,3],[-13,70],[19,46],[-21,28],[5,44],[-18,11],[4,39],[23,24],[-26,41],[15,24],[-5,34],[-29,17],[7,69],[-30,69],[-9,54],[-20,28]],[[13105,22091],[46,30],[-1,38],[36,23],[39,68],[69,84],[26,11],[-6,57],[8,18],[-25,48],[-16,58],[-1,56],[-15,24],[5,35],[9,53],[-20,27],[-9,87],[5,42],[-19,40],[21,35],[-3,86],[-27,54],[-5,52],[20,31],[26,-37],[93,-5],[32,32],[-3,51]],[[13390,23189],[110,-7],[24,12],[71,-3],[33,20],[53,0],[7,19],[42,28],[35,-2],[29,-24],[36,3],[62,-34],[77,-283],[226,-339],[187,-277],[20,-27]],[[14402,22275],[-129,-91],[-89,-59],[-31,-7],[-39,19],[-30,55],[-22,85],[-32,28],[-30,-59],[-63,-15],[-107,-105],[35,-106],[37,5],[-64,-133],[-37,-33],[19,-14],[-15,-33],[7,-31],[30,-12],[-19,-41],[-9,-70],[-27,-12],[-30,41],[-38,1],[-79,45],[-47,-6],[-44,47],[-21,-13],[-130,-52],[13,-58],[29,-29],[13,-49],[-4,-35]],[[13430,23574],[-17,-21],[18,-98],[22,-47],[39,-51],[18,-41],[-171,-64],[51,-63]],[[13105,22091],[11,87],[-12,24],[-6,62],[-36,22],[8,62],[-14,34],[-65,39],[-8,14],[-25,86],[-131,-56],[-115,15],[-6,89],[-102,-28],[-96,-96],[-2,7],[-67,253],[-60,-5],[-46,-15],[-21,17],[-35,0],[-25,-43],[-17,34],[-18,84]],[[12217,22777],[-41,187],[-4,63],[-2,62],[164,72],[15,7],[-32,93],[-23,44],[-64,93],[-43,15],[-23,26],[2,56],[-19,83],[-42,209],[28,35]],[[12133,23822],[54,65]],[[2296,26106],[-25,-24],[-96,15],[-95,21],[-57,-8],[-136,1],[-37,-10],[-62,16],[-60,-15],[-57,27],[-36,-1],[-44,-78],[-28,-31],[-161,-28],[3,-56],[-23,-36],[-78,35],[-20,56],[-47,51],[-42,13],[-33,11]],[[16402,21759],[21,18],[64,-25],[6,19],[41,2],[43,-12],[32,17],[38,1],[66,24],[4,-24],[42,-8],[17,20],[52,-10]],[[16828,21781],[35,-49],[5,-32],[33,-1],[29,-43],[39,-8],[76,31],[41,2],[32,-26],[-4,-36],[55,-68]],[[17169,21551],[-5,-35],[35,-37],[-5,-25],[53,-58],[39,-10],[21,-25],[41,-13],[9,-54],[-30,-31],[-26,-102]],[[17301,21161],[-24,4],[-55,-4],[-25,-13],[-58,7],[-64,-37],[-38,-5],[-104,50],[0,43],[-39,19],[-44,1],[-18,25],[-76,45],[-46,0]],[[16710,21296],[-20,46],[-36,37],[-80,22],[-45,-1],[-51,33],[-108,0],[-11,43],[-49,6],[-44,-18]],[[16548,22394],[56,-75],[8,-49],[30,-21],[5,-37],[-31,-54],[40,-64],[13,-35],[-18,-71],[-16,-35]],[[16635,21953],[-47,27],[-36,57],[-41,11],[-46,-25],[-37,11],[-33,-8],[-27,58],[-44,18],[-56,-9],[0,-26],[-73,-10],[0,-27],[-21,-41],[-25,19],[-38,-1],[-14,102],[-22,-5],[-52,-6],[-77,-29],[-28,27],[-7,34],[-68,21],[-68,62],[-39,25],[60,44],[68,17],[-23,74],[47,5],[-63,49],[-37,-18]],[[15788,22409],[13,92],[25,12],[41,-2],[28,19],[32,-16],[32,31],[43,-18],[20,27],[12,64],[110,-28],[66,-22],[132,94],[72,-112],[11,-58],[-4,-28],[41,-48],[46,-26],[40,4]],[[17827,20378],[-8,5]],[[17819,20383],[-17,22],[-3,68],[-12,7],[-18,72],[73,1],[-40,33],[15,22],[-43,43],[-10,75],[-64,69],[-27,139]],[[17673,20934],[18,65],[-34,48],[-18,45],[-27,26],[37,19],[37,20],[53,48],[57,87],[7,31]],[[17803,21323],[9,21],[55,56],[175,89],[27,-17],[26,12],[28,66]],[[18123,21550],[32,-4],[86,31],[67,16],[51,-8],[38,-2],[63,25],[12,27],[57,-11],[28,-17],[57,-2],[59,55],[37,15],[81,-27]],[[18791,21648],[31,-32],[46,-4],[9,-28],[58,-14],[11,-65],[49,-67],[-39,-63]],[[18956,21375],[47,-78],[1,-67],[-42,-36],[-4,-53],[-32,-46],[30,-107],[-7,-46],[-14,-8],[30,-68],[-9,-95],[59,-44],[40,-59],[-19,-10],[-39,17],[-77,16],[-40,-16],[-4,-31],[-99,16],[-120,-87],[-85,-3],[-99,-26],[-88,-58],[-68,15],[-3,-44],[-63,-13],[-110,38],[-30,26],[-17,16],[-12,48],[-60,-6],[-36,-20],[-109,-6],[-50,-123],[2,-39]],[[18123,21550],[8,56],[-53,55],[-25,61],[-22,41],[5,37],[-18,68],[-34,46],[-29,12],[8,64],[-8,72],[-21,43],[-9,16],[14,51],[-17,44],[-25,13],[-37,52],[-16,47],[45,-7],[74,18],[108,-4],[17,-7],[49,-12],[60,41],[30,-20],[36,9],[33,-20],[22,6],[85,-18],[25,-2],[35,22],[-9,63],[45,-5],[35,-36],[3,-33],[19,-19],[62,1],[11,-25],[38,7]],[[18667,22287],[12,-47],[-19,-74],[28,-14],[3,-93],[-13,-43],[-13,-46],[35,-72],[-26,-42],[10,-34],[42,-59],[63,-51],[2,-64]],[[17169,21551],[22,-1],[21,134],[-18,6],[-18,49],[20,20],[28,-15],[67,50],[15,34],[-41,95],[39,38],[30,108],[2,107],[34,21],[29,-17],[64,12],[-2,47],[24,24]],[[17485,22263],[61,22],[-12,-46],[3,-76],[23,-51],[13,-98],[15,-51],[-25,-40],[32,-21],[15,-50],[18,-2],[27,-38],[0,-100],[45,-26],[37,-39],[-8,-70],[-6,-120],[39,-18],[41,-116]],[[17673,20934],[-26,65],[-48,-38],[-60,-79],[-18,43],[-33,28],[-6,37],[-10,29],[-100,-18],[-27,63],[-45,35],[16,23],[-15,39]],[[1158,26066],[-2,-52],[-51,-82],[-8,-22],[-54,-77],[-24,-23],[-82,-41],[-11,-48],[1,-73],[-14,-52],[-25,-28],[7,-26],[-29,-77],[36,-47],[-5,-77],[9,-66],[-3,-63],[-25,-43],[-28,-23]],[[850,25146],[5,40],[-35,6]],[[820,25192],[-54,39],[-72,83],[-48,29],[-82,-4],[-125,7],[-26,10],[-90,4],[-74,-3]],[[249,25357],[55,137],[-30,51],[35,59],[30,54],[33,18],[-5,22],[-33,28],[54,90],[29,13],[19,78],[54,6],[32,41],[-11,59],[58,35],[6,58],[40,17],[1,63],[62,6],[54,35],[49,63],[52,30],[-1,43],[20,29]],[[16710,21296],[-45,-60],[-54,24],[-22,-37],[-52,-2],[-37,14],[-29,-17],[12,-61],[45,-20],[28,-29],[44,19],[70,-22],[11,-30],[35,0],[41,-37],[15,-34],[74,-1],[59,-28],[101,-78],[43,-76],[-2,-32],[-22,9]],[[17025,20798],[-2,16],[-58,25],[-14,28],[-67,32],[-45,8],[-26,24],[-125,20],[-64,26],[-92,-16],[-61,19],[-54,67],[-51,3],[-9,-24],[-73,-26],[-90,-4],[-60,32],[3,37],[-45,36],[-83,-4],[-33,19],[-41,-4],[-117,38],[-11,23],[-45,7],[-49,-5],[-41,-18],[-22,-32],[-50,-7],[-78,12],[-36,-16],[11,-30],[-14,-19],[-66,21],[-22,-29],[-33,-100],[60,-18],[16,-20],[-17,-25],[4,-36],[-43,-46],[14,-45]],[[15396,20767],[-13,-49],[-38,-75],[-29,27],[-40,16],[-45,39],[-36,12],[-66,92],[-41,6],[-40,34],[-6,26],[-46,60],[-47,-7],[-31,7],[-81,55],[-21,109],[14,64],[-4,32]],[[17819,20383],[-16,-9],[-121,36],[-40,28],[-30,-3],[-41,53],[-40,-2],[-24,-17],[-31,25],[-34,-4],[-8,53],[-31,32],[-53,-12],[-22,12],[-46,1],[-3,3],[-4,1],[-35,-6],[-24,-28],[-30,-6],[-20,-36],[-61,-27],[-34,8],[-76,-22],[-78,21],[-25,1],[-9,-57],[-48,22],[-7,-16],[23,-40],[-57,6],[-65,16],[-47,-14],[-57,47],[-61,-21],[-65,-7]],[[16499,20421],[-51,32],[-41,-10],[-36,17],[-54,6],[-25,-15],[-83,26],[-72,7],[-37,34],[-81,19],[-82,-8],[-21,24],[-34,-6],[-110,37],[-66,74]],[[15706,20658],[-25,70],[-8,46],[32,46],[24,-6],[64,16],[51,-32],[53,26],[45,-10],[22,-31],[55,-1],[19,-19],[67,1],[43,-54],[40,-14],[17,-21],[-21,110],[7,22],[-50,11],[7,29],[28,-6],[45,11],[63,-17],[21,12],[38,-10],[91,13],[25,-33],[72,-13],[25,19],[62,11],[37,-12],[23,-22],[34,7],[45,-15],[98,5],[22,-15],[84,16],[28,-13],[36,13]],[[10272,23037],[-1,-68],[-13,-62],[-21,-46],[-29,-13],[57,0],[52,-28],[28,27],[69,-16],[33,29],[73,-146],[26,15],[26,-43],[-31,-50],[-45,31],[-17,-17],[-65,64],[-28,16],[-20,-82],[-38,-83],[-3,-39],[-32,-22],[-22,-48],[-27,-18],[13,-43],[-64,-132],[126,-176],[-35,-72],[4,-33],[-14,-34],[2,-43],[-29,-46]],[[10247,21859],[-73,37],[-46,16],[38,111],[-13,32],[-24,2],[-21,-33],[-71,-16],[6,53],[-18,41],[-44,12],[-36,-4],[-16,-52],[-1,-41],[-88,-206],[-26,-126],[-130,28]],[[9684,21713],[4,157],[-1,448],[1,164],[-33,-1],[-38,6]],[[9617,22487],[-93,150],[-68,-1],[-62,101],[28,47],[-36,0],[-49,34],[-9,32],[36,127],[39,43],[78,48],[11,33],[31,33],[65,34],[-31,-2],[-93,70],[-67,66],[47,14],[70,59],[52,10]],[[9566,23385],[46,-36],[57,4],[56,-37],[39,12],[55,95],[27,44],[-38,17],[72,117]],[[9880,23601],[239,-131],[-33,-17],[-23,-41],[-49,-35],[19,-22],[-17,-54],[-16,-10],[-19,-66],[128,-42],[158,-61],[5,-85]],[[10272,23037],[59,-7],[44,8],[26,-25],[48,-8],[120,-100],[16,34],[127,-88],[54,-27],[23,30],[89,-63],[37,30],[45,79],[46,21],[18,21]],[[11024,22942],[-1,-15],[102,-304],[14,-42],[114,-64],[86,-137],[45,-101],[3,-51],[50,-290]],[[11437,21938],[-77,-27],[4,-81],[30,-201],[10,-26],[36,-215],[-70,6],[-44,25],[-49,-2],[-96,-16],[-25,-60],[3,-28],[68,-28],[-36,-15],[17,-71],[-8,-84],[44,-38],[37,-66]],[[11281,21011],[-101,-66],[-89,83],[-62,-51],[-72,-47],[-117,-92],[-102,-73],[-82,43],[2,40],[-203,252],[-20,0],[-60,-6],[-12,68],[216,11],[186,-159],[170,183],[-164,325],[-25,26],[-14,46],[-48,-8],[-15,32],[-111,8],[-42,16],[-70,99],[-6,8],[-199,101],[6,9]],[[14001,19681],[2,-31],[87,-14],[22,21],[31,-27],[-39,-70],[36,-24],[42,-90],[-5,-51],[22,-54],[20,-3],[8,-49],[-7,-69],[-24,-90],[-15,-92],[20,-71],[-1,-35]],[[14200,18932],[-116,-205],[-13,11],[-121,-136],[-40,-142]],[[13910,18460],[-10,-1],[-228,174],[-486,223],[-357,161]],[[12829,19017],[-52,98],[-124,221],[-209,375],[-77,-20],[-236,-77],[-58,96],[-52,2],[25,30],[-18,38]],[[12028,19780],[-80,142],[-71,202],[163,166],[12,105],[-38,29],[48,59],[-60,46],[-60,33],[-11,27],[-48,27],[-1,43],[-23,30],[-13,41],[7,25],[-35,22],[-25,-20],[-230,201],[-7,96]],[[11556,21054],[37,-70],[25,-33],[52,-36],[127,22],[24,15],[40,51],[47,30],[53,-9],[122,68],[136,22],[50,4],[55,-8],[77,-27],[141,-67],[-90,-198],[-42,-133],[17,-113],[48,-17],[-27,-56],[88,-19],[19,45],[84,14],[247,15],[74,1],[7,15],[31,150],[27,48],[45,29],[-43,58],[-29,2],[-5,47],[38,19],[30,57],[25,22],[38,0],[72,-61],[101,-56],[16,29],[60,-12],[54,-53],[74,-31],[56,0],[36,57],[13,1],[-16,26],[-5,90],[9,43],[48,88],[-22,41],[35,47],[1,19]],[[13656,21230],[87,9],[32,64],[10,-68],[23,-10],[-8,-37],[34,-19],[17,-69],[-28,-18],[124,-230],[-125,-73],[52,-98],[84,-305],[71,-265],[11,-20],[-50,-69],[13,-87],[-38,-137],[-11,-59],[47,-58]],[[15396,20767],[77,-11],[83,-59],[50,-10],[73,-32],[27,3]],[[16499,20421],[-55,-31],[-2,-13],[35,-46],[-7,-38],[28,-12],[22,-21],[59,0],[85,-57],[45,1],[7,-37],[42,11],[69,-7],[45,-24],[67,7],[54,40],[72,-23],[63,5],[-3,-37],[7,-64],[15,-48],[-5,-51],[2,-60],[-81,-64]],[[17063,19852],[-34,5],[-56,30],[-58,17],[-29,-9],[-58,11],[-50,40],[-18,26],[-56,29],[-39,-1],[-33,-18],[-79,73],[-58,23],[-26,1],[-38,35],[-76,11],[-71,45],[-29,-4],[-43,46],[-61,50],[-46,16],[-32,10],[-77,-19],[-85,11],[-62,30],[-7,16],[-54,19],[-35,-20],[-53,-4],[-37,-50],[-14,27],[-26,5],[-15,-24],[41,-68],[-4,-13]],[[15645,20198],[-54,11],[-52,-18],[-26,28],[-103,34],[-35,21],[-23,58],[-50,31],[-38,62],[-16,-2],[-60,29],[-47,57],[-55,38],[-58,73],[-3,55],[-16,33],[-5,48],[-61,47],[-38,16],[-76,12]],[[14829,20831],[-18,25],[-180,187],[6,44],[27,235],[11,96]],[[9684,21713],[-45,12],[-39,-27],[-49,-66],[-37,-24],[-33,-5],[-12,-30],[25,-63],[-29,-77],[-82,-80],[-35,-108],[-6,-80],[-21,-49],[1,-25],[-22,-37],[-30,-2],[-34,-46],[-13,-68],[-55,-27],[-14,-49],[-44,-35]],[[9110,20827],[-30,44],[-44,48],[-90,56],[-18,20],[-53,76],[-45,262],[-47,-25],[-52,39],[-21,37],[-60,-15]],[[8650,21369],[-88,150],[54,98],[52,44],[-123,197],[-86,131],[-72,120]],[[8387,22109],[83,93],[45,9],[37,54],[-17,45],[45,63],[68,40],[39,42],[23,6],[16,-85],[30,-42],[76,14],[54,24],[9,18],[69,1],[45,-26],[-38,-45],[0,-27],[49,-22],[-35,-43],[-20,-50],[17,-21],[45,62],[73,62],[25,-4],[37,37],[73,48],[10,93],[18,-1],[74,23],[36,-38],[59,-8],[-11,-77],[36,34],[47,25],[55,46],[58,28]],[[18106,19677],[-141,-100],[21,-63],[21,-15],[-123,-40],[-28,-3],[-40,-31],[1,53],[-49,-2],[-13,-53],[-193,8],[-50,-106],[59,-56],[-24,-27],[-62,-39],[-41,-11],[-55,16],[-44,43],[-101,7],[-45,36],[-63,-96],[-58,95],[-1,23],[-40,56],[-70,64],[-23,43]],[[16944,19479],[29,33],[59,41],[30,91],[7,51],[-22,27],[-6,33],[-12,32],[-1,20],[35,45]],[[16944,19479],[-45,-56],[-50,23],[-28,32],[-28,11],[-58,46],[-154,-94],[-52,52],[-64,58],[-26,45],[-55,66],[-35,64],[-34,38],[-81,13],[-46,29],[-6,20],[-85,41],[-61,28],[-18,15],[-7,50],[-49,55],[-36,80],[-33,-5],[-21,35],[-23,-20],[-60,25],[-25,51],[-54,-3],[-65,20]],[[18339,18765],[-25,21],[-53,-3],[-51,64],[-25,-13],[-45,19],[-60,73],[-21,-14],[-61,66],[-34,25],[-104,118],[-23,11],[-25,40],[-77,-23],[-26,-17],[-36,3],[-37,33],[-31,-29],[-57,-35],[-5,-19],[-49,-6],[-37,-28],[-36,-13],[-80,47],[-16,-56],[-65,-23],[-38,-23],[-58,21],[-44,-5],[-19,11],[-58,-19],[-29,56],[-79,38],[-16,-15],[-31,20],[-46,7],[-31,3],[-59,48],[-36,-56],[-56,-7],[-52,9],[-40,18],[-50,86],[-31,12],[-63,57],[-82,53],[-48,52]],[[16294,19372],[-83,25],[-36,47],[-23,50],[-39,25],[-171,104],[-45,89],[-79,13],[-44,80],[-74,36],[-21,-12],[-32,21],[-11,25],[-52,2],[-71,48],[-24,-3],[-63,61],[-22,1],[-29,32],[-117,61],[-23,24],[-71,41],[-108,-3],[-25,28]],[[15031,20167],[-23,48],[-52,38],[-31,0],[-25,27]],[[14900,20280],[11,67],[-13,34],[33,35],[7,36],[-42,52],[-20,74],[-4,74],[-17,46],[0,58],[-26,75]],[[13115,24647],[68,11],[-4,33],[34,12],[54,-2],[54,32],[-136,61],[114,140],[114,36],[82,183],[30,65],[85,-98],[160,-169],[38,-128],[28,-74],[30,9],[254,94],[2,-4],[73,-121],[12,-94],[56,-117],[33,-2],[84,31]],[[14380,24545],[64,25],[70,-156],[-62,-6],[-259,-11],[-42,-8],[-28,-57],[-59,-49],[-25,-7],[-2,-29],[-27,-30],[0,-31],[-22,-47],[49,-39],[-26,-68],[33,7],[53,-73],[7,-6],[115,8],[217,-23],[110,-244],[21,4]],[[14567,23705],[161,-114],[-38,-5],[10,-48],[-176,-312],[-54,-106],[-53,-88],[-74,-125],[-16,-66],[-31,-77],[1,-49],[42,-76],[-62,-51],[3,-54],[56,-15],[80,-45],[-4,-27],[-39,-44],[53,-58],[94,-119],[1,-68]],[[14568,21906],[-48,186],[-56,86],[-62,97]],[[6486,42137],[39,-52],[5,-32],[-25,-62],[-36,-68],[-30,-36],[-16,-128],[-10,-21],[-3,-62],[-20,-34],[-77,-22],[-27,-22],[-46,-11],[-67,-3],[-79,-33],[-43,-54],[5,-38],[-57,-76],[-158,9],[-198,49],[-53,28],[-96,19],[-115,13],[-103,31],[-115,16],[-147,28],[-106,14],[-164,10],[-139,14],[-148,19],[-144,38],[-50,-16],[-59,-42],[-17,-34],[-71,-32],[-46,-38],[-17,-36],[3,-75],[-26,-72],[-3,-29],[-26,-29],[-10,-58],[-65,-61],[-7,-79],[30,-79],[-1,-43],[20,-31],[-18,-24],[1,-55],[-13,-35],[19,-28],[-1,-74],[8,-47],[-27,-31],[-71,-12],[-19,-38],[-57,-21],[-15,-16],[-63,-36],[-18,-34],[26,-66],[-20,-30],[-43,-21],[-65,-76],[-41,-56],[-94,-18]],[[3457,40199],[-56,104],[-12,102],[6,215],[-11,95],[-89,80],[-63,131],[-160,60],[-48,-5],[-71,-36],[-37,94],[-34,37],[-44,24],[-58,12],[-29,46],[5,98],[-28,118],[-2,69],[-11,94],[-3,113],[-16,60],[-95,271],[-50,77],[-94,85],[-8,30],[7,189],[70,62],[23,45],[-3,54],[-18,51],[-37,68],[-88,77],[-15,33],[14,33],[35,-23],[96,3],[51,10],[95,80],[49,81],[16,188],[9,92],[-12,156],[2,64],[29,160],[11,88],[-19,38],[-109,52],[-65,23],[-66,12],[-50,18],[-33,59],[-55,78],[-67,72],[-110,9],[-83,-10],[-92,-34],[-42,-61],[-43,-144],[-17,14],[17,85],[-21,48],[-97,73],[-65,60],[-32,38],[-60,115],[-48,59],[-52,6],[-27,-12],[-18,-33],[-35,45],[-59,-10],[-72,-34],[-137,-41],[-18,7],[-18,39],[122,43],[7,18],[-26,54],[-74,13],[-49,-15],[-43,14],[0,44],[62,33],[53,79],[90,18],[108,2],[51,-7],[26,40],[-8,86],[-46,130],[-19,8],[-125,-4],[-77,-14],[-57,-50],[-78,-5],[-47,11],[-134,-5],[-108,-37],[-34,-1],[-11,28],[3,61],[39,52],[92,39],[24,26],[30,73],[16,81],[34,134],[-11,28],[-111,57],[-53,41],[-36,44],[-67,68],[-113,44],[-12,80],[24,24],[105,26],[41,20],[10,54],[2,76],[-16,49],[-43,57],[-88,43],[-21,28],[-54,103],[4,35],[66,87],[4,18],[-94,180],[-97,88],[-47,29],[-160,121],[86,73],[238,226],[394,364],[544,510],[205,197],[140,119],[77,81],[134,113],[134,123],[170,167],[153,130],[172,165],[75,67],[298,293],[130,115],[113,89],[107,98],[115,94],[469,392],[346,293],[57,52],[307,254],[55,54],[437,416]],[[6275,29112],[0,3],[-1,1],[14,15],[-12,43]],[[6276,29174],[18,39],[-5,28],[31,32],[29,5],[9,38],[28,-8],[33,11],[25,-17],[63,4],[50,22],[48,-12],[53,24],[49,5],[23,-17],[49,2],[63,-19],[26,5],[19,4],[58,58],[29,5],[37,41],[71,-28],[33,1],[24,-53],[26,-26],[26,-1],[48,-31],[-1,-28],[24,-50],[25,-8],[17,-38],[129,222],[22,-23],[80,-41],[55,123]],[[7590,29443],[100,-44]],[[7690,29399],[-4,-102],[-30,-31],[-47,20],[-19,-55],[-41,-50],[-34,-125],[-45,-33],[-16,-57],[121,-32],[5,-12],[-15,-87],[-37,1],[54,-76],[-161,-44],[-53,33],[-51,-39],[-15,-33],[-59,-91],[3,-65],[18,-68],[10,-128],[13,-93],[22,-60],[16,-70],[-33,-102],[48,-21],[35,25],[46,-5],[29,-45],[-15,-85],[16,-11],[-13,-38],[-51,-58],[-22,-92],[-1,-103],[-145,-17],[-20,-27]],[[7199,27523],[-54,36],[-40,-4],[-30,38],[15,34],[7,148],[-38,9],[-3,43],[96,3],[12,20],[-2,125],[-25,-12],[-22,41],[-63,52],[-39,-3],[-29,31],[-52,-57],[-42,-19],[-59,2],[-28,11],[-52,2],[-45,-14],[-50,20],[-33,-13],[-44,9],[-44,-21],[-42,-32]],[[7199,27523],[-29,-59],[-93,73],[-23,-49],[-39,-107],[35,-26],[19,-120],[75,-21],[-4,-25]],[[7140,27189],[-25,19],[-39,-24],[-57,18],[-8,27],[-43,-7],[-25,51],[-26,27],[-42,22],[-49,37],[-18,28],[0,17],[-35,43],[-57,-8],[-37,-28],[-27,2],[-35,-25],[-8,-25],[-37,-18],[-14,12]],[[6558,27357],[-53,-43],[-85,-13],[-42,36],[-38,13],[-54,4],[-42,24],[-18,30],[-26,-88],[-154,61],[-139,59],[-212,-17],[-121,-12],[-362,-30],[-339,-23]],[[18041,23706],[-559,-1436],[3,-7]],[[16828,21781],[-2,19],[-42,21],[-19,-6],[-31,69],[-54,45],[-30,0],[-15,24]],[[16548,22394],[20,61],[-26,18],[43,28],[27,32],[34,-24],[28,10],[22,44],[57,48],[45,32],[14,57],[36,44],[54,11],[41,25],[49,66],[9,-7],[53,53],[36,15],[71,-8],[49,15],[45,40],[28,10],[60,-3],[55,30],[85,63],[22,1],[60,37],[62,0],[71,65],[34,42],[-32,54],[-24,22],[-9,92],[-28,21],[-12,59],[-17,31],[-7,37],[-24,42],[-51,-28],[-88,-15],[-107,46],[-41,20],[-106,4],[-2,22],[103,-6],[121,-12],[23,19],[113,30],[39,26],[-19,17],[-7,53],[23,12],[-11,42],[5,46],[47,45],[34,-10],[-6,70],[14,10]],[[21422,9979],[-43,50],[-18,69],[0,45],[14,12],[7,83],[-36,79],[-18,16],[-60,2],[-42,14],[-45,137],[-75,76],[-19,33],[-28,46],[-36,87],[-78,131],[-184,205],[-261,292],[-174,208],[-455,509]],[[14900,20280],[-57,75],[-59,71],[-80,77],[-73,23],[-32,-22],[-39,-24],[-24,17],[-37,-34],[12,-18],[52,8],[80,-26],[-281,-263],[5,-17],[-180,19],[13,-109],[55,-76],[-65,-137],[-51,-18],[-68,-46],[-24,-29],[48,-19],[-94,-51]],[[13656,21230],[-117,-11],[-65,76],[-25,243]],[[18044,23705],[0,0],[356,-808],[266,-605],[1,-5]],[[10119,43940],[22,-52],[-10,-42],[7,-51],[17,-32],[-26,-136],[-10,-91],[6,-84],[13,-59],[21,-40],[45,-59],[118,-49],[66,-56],[37,-49],[58,-46],[48,-25],[12,-30],[-21,-62],[-31,-58],[-39,-51],[0,-55],[51,-19],[35,-49],[21,2],[34,-14],[57,35],[34,62],[-5,94],[-17,49],[-53,63],[13,35],[-38,40],[35,24],[45,-16],[33,-47],[30,-145],[9,-103],[0,-77],[17,-54],[-41,-124],[-7,-48],[-27,-110],[-2,-74],[16,-110],[-5,-40],[19,-176],[36,-69],[74,1],[73,-24],[96,-74],[67,-62],[30,-38],[41,-105],[28,-108],[21,-28],[65,-31],[73,-24],[75,-50],[49,-20],[47,1],[85,-28],[79,-6],[35,-33],[77,-20],[33,4],[-5,33],[20,35],[34,-27],[-1,-108],[-7,-50],[-56,-156],[-4,-42],[34,-26],[23,-42],[9,-107],[-13,-108],[15,-20],[-4,-50],[-22,-35],[-36,-6],[-9,-50],[16,-61],[-11,-82],[-21,-44],[-2,-72],[-32,-37],[-24,-34],[8,-16],[-16,-83],[75,-20],[-23,-50],[102,-3],[71,-11],[42,8],[33,-10],[64,11],[68,-38],[62,-8],[29,-16],[76,2],[56,-37],[71,17],[9,-85],[31,-71],[16,-77],[65,-81],[53,-26],[47,-2],[116,-71],[145,-59],[50,-4],[24,-14],[22,-35],[80,-80],[26,-48],[0,-35],[51,-112]],[[13147,39154],[-45,26],[-93,27],[-38,-21],[-34,-86],[0,-34],[-30,-105],[-17,-102],[10,-109],[-20,-28],[-58,-7],[-40,-49],[13,-36],[48,-11],[28,-31],[-13,-43],[10,-73],[-27,-134],[-20,-34],[-2,-107],[-15,-179],[-22,-66],[-105,-62],[-186,-23],[-67,-19],[-42,-30],[-26,-42],[-60,-59]],[[12296,37717],[-55,17],[-98,13],[-36,11],[-27,-8],[-72,5],[-39,-5],[-69,-25],[-144,-1],[-87,16],[-61,21],[-136,111],[-124,71],[-9,22],[40,43],[31,94],[-2,86],[-29,78],[17,49],[-8,47],[4,44],[-15,37],[-65,18],[-37,27],[-2,24],[39,45],[15,42],[-12,74],[-27,49],[-21,13],[-51,7],[-20,26],[-46,7],[-26,27],[13,94],[-12,28],[11,72],[-50,28],[-17,45],[-41,33],[-28,72],[-89,70],[-84,56],[-88,-155],[-55,-75],[-81,-61],[-60,-68],[-39,-59],[-175,-182],[-34,-32],[17,97],[-5,37],[37,39],[17,55],[0,103],[-11,134],[15,55],[-55,-39],[-109,-12],[-35,-13],[-67,103],[-72,131],[-28,67],[-12,47],[-57,112],[-12,68],[11,77],[-5,23],[-48,-16],[-29,13],[-68,51],[-51,174],[-21,31],[-28,71],[-25,18],[-19,86],[-16,21],[4,58],[-14,81],[-31,30],[-24,77],[-32,-19],[-32,0],[-44,-29],[-60,22],[-74,-7],[-82,-31],[-25,-54],[-4,-31],[-63,-176],[-6,-57],[-31,-42],[-27,-15]],[[9074,40008],[-108,146],[-53,34],[-75,34],[-66,75],[-80,107],[-66,102],[-57,99],[1,39],[-15,12],[-26,69],[-7,132],[3,41],[17,17],[-1,43],[-15,116],[2,131],[-13,38],[-73,81],[-12,54],[14,52],[35,62],[43,151],[22,143],[16,78],[-7,127],[-84,115],[-37,28],[-97,111],[-63,77],[-70,146],[-29,97],[9,122],[1,64],[13,52]],[[15591,17914],[33,19],[52,51],[17,34]],[[15693,18018],[29,-12],[62,17],[25,-6],[71,24],[10,-5],[29,-16]],[[15919,18020],[-45,-5],[-17,-15],[-4,-3],[-21,-7],[-16,-46],[-34,-19],[-24,-30],[23,41],[-1,24],[-46,1]],[[15734,17961],[0,0],[0,0],[-29,-24],[-25,-14],[-21,-9],[-1,1],[-25,-23],[-42,22]],[[820,25192],[-64,-54],[-69,-18],[8,-33],[-2,-62],[-23,-29],[-120,-423],[-15,-57]],[[535,24516],[-35,-65],[-36,-51],[-73,-53],[-39,6]],[[352,24353],[-14,88],[3,26],[-33,12],[-39,43],[-23,41],[-40,152],[-29,37],[-45,36],[-38,-18],[-34,13],[-12,52],[12,41],[-60,81],[105,51],[49,31],[29,-4],[40,41],[8,52],[-21,4],[-3,54],[56,39],[22,41],[-29,45],[-31,-8],[-4,35],[28,19]],[[15939,17379],[-75,81],[-76,70],[-36,16],[-59,-7]],[[15693,17539],[1,31],[-48,42]],[[15646,17612],[108,29],[27,16],[13,6]],[[15794,17663],[0,0],[56,-89],[111,-149]],[[7690,29399],[39,45],[190,-33],[-30,-132],[2,-27],[191,-25],[97,-12],[-23,-24],[-7,-42],[-19,-17],[-19,-45],[173,1],[0,-54],[25,-64],[-14,-44]],[[8295,28926],[-4,-23],[-45,-102],[63,6],[33,-18],[4,-76],[0,-256],[-35,-152],[31,-69],[31,-15],[-14,-48],[-284,7],[-214,-1],[119,-206],[34,-42],[119,-168],[112,-182],[-21,-125],[-25,-121]],[[8199,27335],[-48,-190]],[[8151,27145],[-31,-10],[-28,22],[-39,-36],[-36,16],[-73,1],[-21,-10],[-50,19],[-26,-12],[-29,11],[-23,-18],[-63,39],[-25,-3],[-48,19],[-25,21],[-67,24],[-20,13],[-24,75],[-89,64],[-27,37],[0,0],[-58,-169],[-33,41],[-84,-31],[-52,-25],[9,-20],[-14,-46]],[[7175,27167],[-35,22]],[[8151,27145],[-13,-344],[9,-63],[83,-92],[3,-82],[8,-11],[7,-20],[-16,-44],[-34,-22],[-17,-35],[22,-33],[45,-28],[3,-34],[30,-6],[42,-37],[8,-39],[-11,-53],[3,-4],[4,-3],[0,-38],[17,-90],[-2,-112],[-22,-26],[-21,-56],[18,-31],[-49,-37],[55,-97],[50,-37],[44,19],[79,7],[35,-5],[30,-26],[-50,-23],[-28,-45],[-34,-43],[-1,-27],[-32,-51],[224,10],[73,44],[0,-59],[36,-10],[14,-26],[60,-51]],[[8823,25385],[14,-116],[-84,-178],[-4,-67],[-169,14]],[[8580,25038],[-63,-11],[-59,37],[-7,27],[16,48],[-6,19],[-78,-67],[-121,-9],[-35,17],[-21,66],[-25,17],[-16,45],[18,48],[45,55],[-33,96],[-14,21],[-4,56],[-18,41],[-47,10],[-11,19],[-68,56],[-54,-34],[-56,65],[64,39],[-27,62],[-34,54],[-21,16],[11,31],[48,39],[35,-11],[16,96],[-29,36],[-13,10],[-37,78],[-41,15],[-32,36],[-15,54],[-38,33],[71,86],[-72,56],[3,47],[-9,80],[-21,84],[-8,88],[-20,26],[-46,2],[-22,33],[-33,25],[-18,32],[-35,24],[-28,40],[-11,72],[-21,17],[-52,17],[-38,34],[-30,-9],[-24,33],[-31,0],[-13,30],[-28,2],[-41,46],[-43,2],[-24,29],[-41,23]],[[7140,27189],[-31,-66],[4,-41],[-19,-38],[-68,-133],[0,-36],[58,-63],[30,22],[135,72],[2,-9],[125,-227],[43,-4],[-30,-100],[-48,-10],[113,-26],[68,-109],[-17,-94],[-91,-52],[-34,17],[-110,-194],[-27,18],[-90,-65],[-57,-57],[-37,-53]],[[7059,25941],[-76,106]],[[6983,26047],[-104,152],[-153,254],[-24,41],[-58,134]],[[6644,26628],[-26,62],[-30,17],[-110,163],[-53,99],[55,66],[45,104],[10,102],[23,116]],[[3743,19428],[38,11],[40,-10],[43,-25],[35,7],[24,-8],[201,45]],[[4124,19448],[171,40],[41,10],[234,58],[49,12],[135,33]],[[4754,19601],[76,19],[129,32],[262,63]],[[5221,19715],[193,49],[197,47]],[[5611,19811],[17,-95],[24,-26],[-17,-43],[58,-23],[-9,-51],[41,-13],[12,-39],[50,-39],[30,-111],[34,-61],[-60,-26],[12,-19],[-51,-48],[-11,-28],[-79,-70],[-58,19],[-25,-46],[-1,-35],[34,-16],[42,14],[41,0],[36,-14],[30,-29],[63,6],[14,-14],[31,-99],[35,-32],[42,-10],[31,8],[38,-28],[48,-12],[-31,-28],[74,-41],[70,29],[45,-62],[32,-20],[54,-53],[50,59],[67,68],[-37,35],[-48,-2],[-44,24],[150,235],[10,23],[35,-46],[27,-6],[45,-36],[54,-23],[22,24],[24,55],[25,17],[117,47],[32,35]],[[6836,19165],[119,-96]],[[6955,19069],[-14,-53],[-27,-22],[-23,-52],[-49,-4],[-20,-38],[-32,-95],[-33,-43],[-62,38],[-4,37],[-85,24],[-29,-59],[32,-56],[-37,-34],[-28,-8],[-34,-50],[9,-43],[-32,-6],[-70,-71],[-57,27],[-79,-20],[-50,-35],[-33,12],[-33,-66],[-56,-15],[-65,-108],[-25,-6],[-51,-60],[-32,-8],[3,-33],[-61,-42],[-21,-31],[16,-15],[-33,-71],[35,-46],[-39,-41],[-4,-29],[37,-45],[22,-49],[-36,-94],[12,-23],[-4,-40],[-37,-36],[13,-20],[-24,-39],[-102,2],[-53,-52],[-44,-69],[24,-78],[2,-56],[37,-33],[14,-30],[37,-19],[19,23],[26,-21],[2,-39],[24,-19],[46,-12],[44,-47],[43,-81],[20,-9],[-4,-44],[55,-21],[-14,-29],[-32,-23],[11,-36],[-63,2],[-17,-27],[-9,-53],[-32,10],[1,-40],[-23,-28],[14,-22],[-23,-66],[-55,-130],[22,-52],[-10,-12],[37,-41],[-41,-3],[-18,-64]],[[5753,16382],[-82,47],[-589,324],[-512,282],[-352,196]],[[11556,21054],[-5,89],[-53,-19],[-128,-61],[-89,-52]],[[11437,21938],[10,-23],[44,-7],[28,11],[97,61],[39,36],[18,49],[23,24],[-10,51],[21,4],[155,0],[-4,149]],[[11858,22293],[-3,297],[-61,217],[86,21],[-9,29]],[[11871,22857],[191,-121],[155,41]],[[9074,40008],[-50,-49],[-40,-87],[-36,-27],[-85,-43],[-47,-72],[4,-61],[-48,-84],[-66,-70],[-50,-134],[-48,-63],[-7,-42],[-33,-59],[2,-27],[-125,2],[-72,18],[-106,41],[-52,9],[-46,-104],[-31,-127],[-5,-73],[4,-125],[36,-266],[26,-86],[36,-71],[8,-100],[-34,-61],[-19,-66],[5,-42],[-25,-75],[10,-66],[0,-21],[-82,-92],[-38,-16],[-12,-45],[2,-47],[-53,-10],[-222,-17],[-33,-20],[-19,-58],[34,-27],[-26,-43],[34,-62],[40,-13],[4,-48],[-38,-10],[-6,-36],[13,-56],[-41,-21],[6,-61],[31,-50],[-31,-29],[-38,-4],[-43,-19],[-73,-58],[-55,-77],[-42,-3],[-71,-48],[-38,-51],[-147,-141],[-114,-148]],[[5424,37347],[-86,211],[-36,111],[-104,0],[-37,128],[-39,218],[-24,49],[-75,-11],[-5,-88],[-58,-12],[-94,75],[-43,53],[-68,129],[-42,53],[-106,108],[-34,62],[-41,111],[-64,61],[-11,40],[14,49],[31,151],[-10,143],[-30,139],[-47,130],[-40,42],[-60,-11],[-40,112],[-26,37],[-41,30],[-75,20],[-32,49],[-44,8],[-37,-60],[-118,-2],[-82,16],[-19,17],[-58,155],[-6,31],[-30,25],[-134,48],[-56,30],[-23,76],[-32,186],[-5,133]],[[12296,37717],[-50,-35],[-56,-53],[-65,-32],[-103,-76],[-49,-27],[-143,-116],[-88,-40],[-134,-75],[-71,-51],[-117,-120],[-36,-72],[-28,-113],[-7,-84],[15,-68],[44,-119],[3,-158],[4,-38],[36,-37],[95,-68],[50,-54],[23,-76],[-6,-53],[2,-169],[4,-73],[23,-64],[-13,-144],[-42,-92],[-20,-67],[4,-48],[-11,-40],[-34,-66],[4,-56],[12,-24],[-229,-85],[-10,23],[-82,52],[-30,0],[-129,-65],[-45,65],[-56,96],[1,47],[22,73],[3,51],[-12,48],[-57,93],[-5,29],[10,81],[-49,125],[-66,20],[-79,-16],[-109,3],[-119,33],[-41,1],[-106,41],[-176,53],[-70,31],[-53,41],[17,33],[1,55],[-29,45],[-8,31],[9,83],[-16,62],[4,25],[-47,52],[-105,89],[-47,21],[-44,50],[-68,4],[-59,-12],[-64,-31],[-57,-6],[-92,-37],[-74,-49],[-76,-25],[-93,8],[-118,-102],[-45,-44],[-75,-48],[-7,-124],[4,-133],[47,-202],[21,-75],[24,-154],[24,-79],[26,-114],[24,-68],[50,-113],[2,-46],[77,-119],[37,-35],[31,-19],[107,-31],[108,-19],[51,-16],[133,-20],[77,-15],[50,-42],[59,-73],[33,-120],[-4,-78],[-75,-210],[-150,-268],[-123,-227],[-197,-499],[-10,-9]],[[9388,33445],[-78,56],[-27,7],[-24,42],[-93,45],[-20,21],[-66,23],[-46,-2],[-41,21],[-63,3],[-55,59],[-24,10],[-64,-23],[-106,17],[-70,17],[-24,-11],[-63,-2],[-50,7],[-42,26],[-67,-18],[-46,14],[13,31],[-62,60],[-16,53],[-30,16],[-23,94],[12,28],[-9,67],[-35,35],[-73,27],[-43,48],[-353,331]],[[9388,33445],[48,-28],[189,-133],[109,-27],[69,-40],[57,-12],[13,-24],[7,-19]],[[9880,33162],[-45,-61],[22,-56],[41,-17],[6,-25],[-53,-11],[3,-36],[31,-44],[-30,-20],[8,-57],[-17,-23],[21,-40],[-41,-52],[-9,-100],[-29,-44],[5,-52],[-29,-9],[-12,-72],[-34,-14],[-21,-57],[-50,-4],[-15,-35],[-43,-54],[-65,-101],[21,-51],[-17,-40],[-40,-18],[-2,-27],[-27,-15],[10,-43],[-18,-14],[13,-40],[-6,-61],[23,-41],[-39,3],[-6,-28],[-21,-32],[21,-21],[-41,-49],[-3,-34],[-37,-62],[15,-34],[-16,-25],[19,-40],[48,-66],[-19,-40]],[[9402,31400],[-130,-20],[-148,-57],[-72,-22],[-6,-15],[-74,-43],[-24,-44],[-28,-11],[-89,18],[-60,49],[-52,3],[-56,-29],[-86,-4],[-138,-106],[-35,-26],[-151,-123]],[[8253,30970],[14,72],[-58,85],[-34,81],[-22,12],[3,73],[-60,14],[24,96],[11,70],[36,30],[-23,46],[20,71],[-11,40],[11,61],[-82,10],[-16,37],[41,9],[-18,34],[4,43],[-43,76],[-87,2],[-97,-9],[-4,64],[-17,48],[-55,41],[-23,33],[-35,71],[7,63],[-38,18],[-40,-15],[-8,37],[-42,30],[23,54],[9,52],[-13,120],[-21,53]],[[12028,19780],[-133,2],[-97,5],[-9,-34],[-64,34],[-52,69],[-59,-18],[-11,71],[18,82],[4,81],[-37,-8],[-36,-30],[-95,-48],[-44,-53],[-11,-26],[-65,-53],[-19,-33],[-67,-66],[-16,-37],[-2,-55],[-50,-29],[-28,-46],[-40,-39],[-11,-25],[7,-40],[-42,-54],[-32,-9],[-19,-44],[-17,-75],[-19,-17],[-6,-55],[-25,-60],[-31,-43],[-2,-38],[13,-47],[48,-47],[-158,-233],[-30,-13],[-2,-41],[-105,-224],[-81,-142],[-20,-28],[-74,-75],[-100,-92]],[[10409,18147],[-82,-2],[-30,-21],[-18,19],[-37,-33],[-29,9],[-20,-16],[9,-34],[-65,28],[-26,27],[-4,29],[-51,47],[-2,50],[-41,40],[-63,26],[-35,-13],[-78,24],[-8,25],[-57,53],[-28,-6],[-14,83],[-31,42],[-76,26],[-30,62],[3,60],[-49,64],[9,24],[-54,56],[-5,20],[-89,69],[-4,78],[226,42],[75,18],[-47,41],[-25,55],[6,37],[-8,46],[-3,109],[-13,33],[1,64],[9,52],[23,27],[-10,80],[14,47],[-9,44],[9,50],[-20,85],[13,26],[-21,51],[-13,81],[26,46],[3,143],[49,128],[-25,78],[-22,48],[-16,65],[-12,16],[-10,58],[-26,65],[-162,7],[-172,4],[0,0],[-183,3],[-154,1],[23,36],[-13,36],[29,18],[95,8],[15,60],[42,10],[12,26]],[[12829,19017],[6,-62],[51,-498],[9,-106],[-49,-53],[-401,-420],[-350,-365],[-92,-95],[-448,-458],[-146,-151]],[[11409,16809],[-30,26],[11,30],[-35,22],[-26,67],[-44,22],[-63,-2],[-37,60],[-11,39],[-29,32],[0,76],[-41,12],[3,26],[-64,26],[-128,-46],[-45,65],[-23,19],[-52,20],[-72,40],[-39,36],[-66,42],[-45,132],[23,-9],[21,25],[48,-16],[43,54],[-14,38],[11,22],[33,-2],[25,24],[-49,26],[4,49],[-18,6],[-7,43],[-62,31],[-36,10],[-5,62],[13,41],[-52,19],[-8,23],[12,37],[-32,17],[-16,56],[-36,22],[-62,16]],[[11409,16809],[-116,-122],[53,-36],[6,-46],[20,-41],[61,-164],[44,-70],[10,-66],[-30,-51],[-6,-52],[-35,-2],[-17,-34],[-33,-85],[-24,-32],[-38,-99],[-7,-75],[19,-57],[21,-36],[-21,-30],[26,-23],[31,-64],[-38,-40],[-13,-35],[-39,26],[-29,-35],[27,-44],[5,-48],[-26,-8],[-15,-49],[-27,-12],[-23,-134],[-33,-32],[15,-41],[-1,-49],[-21,-36],[-40,-26],[64,-37],[9,-82],[47,22],[26,-46],[-13,-18],[42,-41],[-8,-36],[15,-51],[-10,-41],[16,-30],[-36,-45],[-35,8],[-4,-55],[-28,7],[-33,-20],[28,-32],[3,-28],[47,-21],[13,-20],[-50,-20],[19,-23],[-6,-53],[21,-9],[15,-36],[-14,-47],[-22,-10],[27,-55],[-25,-74],[16,-2],[-17,-114],[0,-61],[-48,-85],[-32,-43],[4,-51],[25,-11],[0,-214],[-141,1],[-2,-109]],[[11028,13479],[-831,457],[-565,310],[-400,221],[-479,264],[-263,143]],[[8490,14874],[267,152],[145,87],[219,148],[40,31],[96,43],[50,32],[69,-3],[40,-32],[43,9],[132,-34],[56,11],[11,28],[-10,63],[9,40],[-8,50],[49,36],[32,41],[33,69],[83,210],[14,79],[-36,55],[-52,5],[-35,105],[-76,189],[-49,61],[-22,5],[-48,65],[-64,74],[-24,37],[-62,52],[-78,85],[-230,169],[-78,54],[-118,102],[-90,67],[29,63],[25,23],[-4,46],[22,65],[11,64],[15,42],[35,49],[42,22],[120,147],[87,97],[39,58],[64,80],[-13,42],[-36,66],[-55,42],[-82,124],[-40,47],[-77,111],[-10,29],[-178,219],[-91,79],[73,85],[-61,43],[-2,33],[-31,14],[-33,68],[-7,34],[-30,56],[3,55],[21,68],[59,60],[10,35],[-16,66],[23,75],[-7,16],[-74,74],[-61,50],[-47,59],[-113,88],[-42,50],[24,91],[61,51],[10,25],[54,11],[41,70],[36,33],[-66,65],[35,52],[-8,44],[-40,36],[-54,35],[-65,8],[-47,33],[-67,-27]],[[8280,20130],[53,50],[62,3],[20,35],[22,-6],[23,47],[70,36],[66,72],[-11,25],[-59,36],[-130,16],[-39,14],[-124,49],[-82,63],[-158,122]],[[7993,20692],[-45,34],[-25,68],[-128,331]],[[7795,21125],[855,244]],[[8490,14874],[-183,105],[-259,141],[-310,171],[-91,47],[-602,333],[-49,22],[-390,213],[-853,476]],[[6955,19069],[33,6],[25,25],[36,14],[20,36],[35,-12],[87,48],[63,45],[33,4],[36,21],[27,39],[110,84],[23,-10],[36,41],[32,16]],[[7551,19426],[89,-24],[39,30],[11,34],[55,15],[52,1],[40,40],[43,19],[45,6],[14,21],[11,45],[-8,73],[20,4],[-23,64],[28,3],[2,32],[32,8],[30,31],[-13,17],[87,28],[3,30],[24,12],[16,58],[26,0],[21,39],[25,12],[19,76],[41,30]],[[13512,31695],[17,46],[-2,80],[-28,13],[-34,-19],[-22,56],[-68,11],[-53,-17],[-4,38],[-31,3],[-62,62],[-42,28],[-48,59],[-40,0],[-92,-33],[-74,-5],[-63,46],[-84,101],[-53,32],[-131,-35],[-20,20],[59,110],[-25,67],[-1,115],[17,35],[16,70],[54,28],[79,92],[32,26],[32,8],[51,-16],[56,10],[4,70],[61,53],[40,-50],[-3,-48],[-21,-38],[10,-79],[0,-52],[23,-40],[29,-21],[31,-44],[41,16],[70,175],[61,73],[45,71],[47,121],[33,39],[85,-19],[38,105],[7,100],[44,65],[2,33],[27,43],[19,69],[-1,45],[74,59],[66,124],[22,17],[53,87],[-45,-5],[1,29],[-35,31],[21,63],[33,17],[46,104],[-5,17],[-58,14],[-24,105],[34,2],[17,62],[-43,53],[-8,60],[1,71],[49,44],[43,72],[28,12],[6,71],[-8,199],[-28,12],[15,50],[24,38],[2,36],[21,49],[-13,87],[36,16],[1,37],[-18,36],[11,48],[23,4],[23,41],[7,46],[70,42],[-17,108],[0,36],[0,1],[-5,109],[71,65],[20,52],[10,52],[31,40],[147,81],[122,27],[89,40],[71,66],[89,53],[82,17],[8,22],[-13,53],[16,36],[35,9],[15,45],[-18,36],[20,38],[4,47],[-35,40],[6,20],[79,55],[-7,57],[9,83],[-320,151],[-341,158],[6,223]],[[14256,37083],[19,-38],[26,-9],[59,20],[10,27],[-4,52],[46,-13],[42,-76],[25,1],[9,73],[32,31],[43,18],[14,40],[52,81],[68,67],[34,1],[18,-18],[38,5],[-10,40],[5,34],[21,28],[1,115],[-10,83]],[[18576,33139],[-86,-89],[-44,-11],[-12,-52],[13,-24],[-15,-33],[-52,-52],[-44,-3],[-51,-46],[-23,-34],[-32,-7],[-74,-39],[-90,-26],[-19,-30],[-60,-13],[-28,-19],[-62,-15],[-26,-29],[-80,-23],[-45,-32],[-101,-36],[-30,17],[-40,-6],[-15,-25],[-40,16],[-87,15],[-47,0],[-69,-31],[-9,-28],[-40,-24],[-11,-27],[-77,-8],[-76,-68],[-44,-9],[-25,12],[-32,-11],[-42,12],[-33,-22],[-107,5],[-67,-59],[-53,-4],[-26,28],[-74,10],[-65,-19],[-17,7],[-74,-16],[-27,-15],[-48,1],[-80,-12],[-13,-20],[14,-38],[-39,-69],[-58,-23],[-29,-61],[-35,-24],[-9,-32],[-26,-20],[6,-44],[-60,-60],[2,-26],[-54,-25],[-64,-72],[-56,-29],[-55,-16],[-41,-50],[-27,-55],[3,-36],[-29,-55],[-36,-18],[44,-31],[80,-140],[29,-41],[34,-8],[46,-113],[59,-52],[16,-69],[56,-45],[61,-19],[41,-29],[14,-57],[-4,-42],[-23,-49],[8,-42],[54,-81],[97,-65],[74,-43],[23,-24],[56,-7],[30,-23],[19,-48],[47,-1],[38,16],[26,-28],[12,-32],[39,-43],[69,-11],[-17,-5],[-2,-53],[-23,-3],[-50,-57],[-3,-51],[-21,-100],[13,-35],[-26,-29],[7,-46],[-16,-21],[-14,-86],[-29,-4],[-13,-38],[-2,-49],[-22,-49],[-22,-15],[18,-71],[-36,-37],[8,-38],[-31,-24],[-23,-65],[-6,-122],[-30,-38],[-8,-96],[-17,-26],[2,-131],[23,-61]],[[6211,30702],[22,-12],[6,-32],[25,-19],[-3,-82],[-15,-51],[-53,-71],[-111,-106],[-14,-61],[15,-28],[-46,-75],[-29,-20],[-11,-35],[-50,-61],[0,0]],[[5947,30049],[-103,-103],[-85,-98],[-56,-14],[-28,4]],[[5675,29838],[-2,2],[-6,44],[-26,29],[-71,35],[-78,-11],[-57,21],[-22,8]],[[5413,29966],[-223,68],[-34,283],[-133,4],[-16,19],[15,17],[-32,107],[-39,4],[-31,24],[49,242],[96,-2],[17,61],[24,77],[-89,8],[7,42],[-21,42],[-14,69],[167,15]],[[30174,3588],[-72,39],[-28,-6],[-29,-32],[-28,7],[44,122],[-17,50],[-28,-1],[-44,27],[-19,32],[12,59],[-16,24],[-31,11],[-14,80],[-47,23]],[[29857,4023],[29,22],[15,35],[64,42],[17,-15],[31,9],[26,26],[-10,16],[11,55],[20,33],[57,8],[22,26],[63,45],[60,4],[31,20],[81,-2],[18,-17],[37,9],[24,72],[31,12],[53,-33],[49,-10],[79,-66],[24,24],[21,-18],[56,-6],[-15,-58],[73,-4]],[[30830,4039],[-4,-90]],[[30826,3949],[-22,-13],[-85,26],[-151,-27],[-10,-23],[38,-34],[3,-46],[-17,-41],[23,-25]],[[30605,3766],[-14,-10]],[[30591,3756],[-36,11],[-64,-32],[-56,29],[-51,3]],[[3410,30510],[181,54],[38,38],[91,25],[96,61],[43,42],[28,81],[189,43],[55,1],[151,28],[41,-6],[39,9],[48,-12],[89,27],[65,-11],[57,47],[33,47],[11,42],[23,13],[7,58]],[[5413,29966],[-6,-24],[-141,-142],[-35,94],[-62,-56],[-66,-44],[-34,21],[-47,70],[-214,-79],[-10,27],[-63,-27],[-90,58],[-113,26],[-39,-85],[-32,0],[-46,20],[-38,-12],[-51,14],[-77,65],[-50,11],[2,-86],[-34,-10],[-32,7],[-41,24],[-13,-11],[-68,29],[-56,-8],[-26,7]],[[5675,29838],[33,-50],[-3,-42],[-19,-32],[15,-28],[53,-36],[43,-2],[8,-55],[-5,-36],[-75,10],[-103,63],[-39,32],[-11,-41],[-70,-10],[-96,-58],[-41,20],[-159,-75],[-32,-26],[-46,-8],[-38,-18],[-53,16],[3,-61],[-71,-111],[53,-22],[-62,-54],[-19,-54],[-77,19],[-1,-46],[-84,-26],[27,-42],[-48,-15],[4,-45],[-46,-27],[-40,-11],[-41,23],[-51,6],[-17,13]],[[30591,3756],[46,-14],[0,-68],[35,-75],[-10,-8],[-65,23],[-1,35],[-56,26],[-38,-38],[-18,2],[-62,39],[-3,36],[-41,46]],[[30826,3949],[32,-19],[-8,-45],[13,-43],[40,-31],[-38,-10],[-6,13],[-25,3],[23,-23],[23,1],[12,13],[28,-8],[15,1],[24,-10],[58,-9],[46,27],[50,-35],[88,-9],[11,-16],[-50,-32],[-29,-44],[-63,-68],[-30,-46],[3,-29],[-26,-19]],[[31017,3511],[-22,6],[-77,28],[-53,-1],[-31,-57],[-4,-8],[-35,-67],[-21,-50],[-9,-9],[-15,-12],[-22,-9]],[[30728,3332],[23,26],[-30,28],[-12,39],[-51,23],[-2,36],[57,28],[-25,46],[16,34],[-8,54],[-41,26],[18,59],[-68,35]],[[14968,18702],[-32,72],[-47,-4],[-27,17],[-42,52],[-35,-9],[-49,7],[-40,17],[-48,-12],[5,42],[-18,33]],[[14635,18917],[32,24],[43,10],[61,65],[28,-4],[14,24],[81,-45],[32,24],[77,-23],[57,16],[42,33],[93,33],[39,-23],[46,-4],[47,-15],[28,67],[-23,8],[-8,46],[-65,25],[-25,46],[-63,71],[-4,91]],[[15167,19386],[34,-5],[22,-26],[54,-36],[6,-15],[88,-92],[28,-9],[33,-40],[62,-27],[18,-22],[50,-29],[33,-44],[49,-13],[122,-49],[72,-42]],[[15838,18937],[-106,-143],[41,-21]],[[15773,18773],[-33,-47],[-28,-14],[-29,-47]],[[15683,18665],[-19,30],[-42,15],[-20,-55],[-117,44],[-46,-95],[-26,19],[-63,5],[-12,19]],[[15338,18647],[-31,21],[-37,-11],[-144,37],[-26,-14],[-42,26],[-42,-22],[-48,18]],[[15683,18665],[57,-4],[52,-23],[-12,-28],[36,-8],[-9,-36],[15,-18],[-54,-83],[11,-25],[41,-1],[24,-19]],[[15844,18420],[-52,-66],[28,-40],[5,-10],[32,-58],[3,-4],[0,-1],[-77,1],[-52,-17],[-74,46],[-9,-36],[-48,-31],[-16,-54],[-43,14],[-48,0],[11,-26]],[[15504,18138],[-200,108]],[[15304,18246],[59,24],[-9,17],[-94,47],[-6,22],[-70,46],[-25,15],[119,94],[46,29],[-20,24],[34,83]],[[15304,18246],[-42,1],[-23,-62],[24,-15],[-25,-35],[-34,-58],[-42,3],[-74,40],[-6,-11]],[[15082,18109],[-29,12],[-83,47],[-48,41],[-1,45],[-35,3]],[[14886,18257],[-38,29],[82,73],[5,8],[-3,39],[30,45],[-11,23],[33,58],[-44,48],[37,41],[-31,12],[-36,-14],[58,83]],[[8039,22665],[-155,247],[203,77],[102,55],[68,13],[111,29],[23,-10],[90,5],[23,53],[148,-63],[21,-13],[61,-47],[-14,-105],[62,-26],[21,90],[38,34],[21,39],[29,-27],[18,-56],[29,20],[36,-1],[18,-21],[59,33],[3,58],[49,27],[28,1],[24,35],[35,155],[-12,68],[12,89],[23,6],[11,46],[54,32],[-44,18],[24,108],[-13,8],[-78,-7],[-11,45],[-21,21],[-39,6],[-63,-12],[-14,11],[-48,-19],[-32,-24],[-36,30],[-18,46],[0,55],[-15,13],[1,44],[29,2],[52,27],[0,35],[56,39],[-8,38],[-34,25],[1,39],[50,18],[22,37],[65,66]],[[9104,24177],[32,-42],[12,-55],[88,31],[127,0],[8,-57],[-8,-43],[22,-74],[54,-54],[16,-35],[39,-38],[88,-137],[-37,-85],[2,-137],[19,-66]],[[8387,22109],[-74,122],[-229,363]],[[15082,18109],[-15,-26],[-1,-2],[-34,-56],[-95,15],[-8,-60],[-20,0],[13,-22],[-24,-40],[-7,-37]],[[14891,17881],[-23,20],[-71,11]],[[14797,17912],[-9,43],[21,24],[-58,1],[-33,27],[-83,-25],[-39,-3],[1,89],[0,12],[0,35],[-44,85],[-43,-9],[3,68],[-25,49],[27,63]],[[14515,18371],[4,-13],[3,-35],[68,-50],[14,36],[64,6],[29,26],[32,-44],[40,-38],[66,4],[51,-6]],[[5947,30049],[26,-32],[-7,-34],[13,-42],[41,-25],[17,-54],[3,-48],[-3,-71],[14,-21],[51,-32],[36,-128],[36,-91],[51,-70],[10,-93],[-6,-25],[16,-55],[31,-54]],[[12133,23822],[-38,25],[-100,9],[-51,-18],[-20,-37],[-32,-26],[-38,-2],[-30,15],[-27,-67],[-45,36],[-23,37],[-27,4],[-19,58],[-70,16],[-18,-67],[-89,-31],[5,-138],[-1,-115],[-186,-1]],[[11324,23520],[3,88],[-27,18],[-140,65],[18,66],[-18,60],[-25,8],[-3,101],[-12,104],[37,19],[36,-2],[90,11],[57,57],[22,-29],[-12,-110],[81,-103],[6,114],[-4,38],[12,44],[38,-23],[7,25],[1,93],[169,-44],[2,53],[34,66],[2,55],[19,53],[69,-32],[74,49],[47,57],[26,107],[47,78],[3,125],[-4,57],[5,43],[57,153],[13,53],[179,-15],[14,47],[19,103],[14,-5],[34,65],[3,60],[-36,24],[-6,31],[-35,43],[-30,74],[-30,17],[-29,-12],[-50,43],[-7,33]],[[12094,25545],[-6,68],[-17,36],[-35,4],[-39,28],[2,17],[118,27]],[[12117,25725],[58,-47],[122,-87],[92,-138],[47,-51],[38,-59],[59,-109],[31,-83]],[[12564,25151],[9,-75],[-90,-116],[-76,-181],[30,-101],[36,-72],[-21,-4],[-20,-112]],[[9880,23601],[28,45],[3,169],[-3,95],[24,7],[44,59],[23,-3],[74,-99],[138,191],[104,161],[58,84]],[[10373,24310],[89,-78],[39,11],[84,-174],[62,26],[-4,34],[40,19],[16,41],[57,37],[31,74],[32,41],[-5,22],[55,57],[15,35],[8,57],[21,54],[-9,38],[-32,20],[-38,44],[-176,192],[27,68],[27,67],[86,-31],[24,-9],[11,-35],[13,-130],[183,20],[37,-154],[143,-47],[43,-6],[65,-88],[65,-20],[76,-33],[68,-22],[55,38],[55,46],[-6,68],[-31,226],[116,-13],[19,163],[24,131],[22,64],[44,303],[266,75],[4,4]],[[11324,23520],[-6,-325]],[[11318,23195],[-42,-4],[-14,-69],[-25,-14],[-5,-35],[-53,-3],[-37,-14],[39,-20],[-28,-35],[-125,-37],[-4,-22]],[[15031,20167],[-42,-13],[-34,22],[-55,3],[-60,44],[-20,30],[-58,17],[-21,-18],[-35,37],[-39,-76],[-35,12],[-48,-7],[-10,-16],[-45,-123],[42,-158],[26,-28],[-7,-27],[46,-63],[28,-3],[57,-24],[58,5],[10,-38],[37,-18],[44,5],[49,-37],[47,-5]],[[14966,19688],[-6,-29],[45,-69],[-36,-58],[-44,-36],[44,-11],[38,-32],[41,3],[40,-38],[79,-32]],[[14635,18917],[-34,17],[-59,9],[-19,-22],[-42,-8],[-83,24],[-72,-8],[-126,3],[0,0]],[[14966,19688],[15,5],[30,24],[14,32],[59,-37],[60,30],[37,-24],[66,-15],[12,-12],[89,-25],[53,-7],[89,-82],[45,-10],[59,-33],[22,-27],[37,-20],[57,-14],[91,-88],[37,-14],[19,29],[52,-22],[28,-45],[19,-65],[36,-3],[81,-80],[8,-28],[35,-35]],[[16116,19122],[0,-1],[-52,-75],[68,1],[20,-24],[-65,-93],[-48,22],[-68,-27],[-47,42],[-34,6],[-52,-36]],[[16294,19372],[-37,-50],[39,-30],[-36,-52]],[[16260,19240],[-47,-72],[-48,28],[-49,-74]],[[17230,18220],[-71,-11],[-30,17],[-17,-27],[-26,-3],[-33,41],[-27,-14],[-36,64],[-63,9],[-57,64],[-41,19],[-91,-20],[-50,9],[-43,-24],[-55,8],[-75,-17],[-75,18],[-84,52],[-4,31],[-70,41],[-32,-3],[-50,19],[-3,15],[0,0],[-45,35],[-56,70],[-27,56],[-87,41],[-40,31],[-36,-13],[-55,18],[-42,4],[-36,23]],[[16260,19240],[61,-33],[30,-72],[111,-58],[78,-54],[57,-1],[44,-15],[44,-71],[56,-11],[33,-23],[47,-16],[32,-27],[54,-75],[47,-19],[-67,-157],[2,-8],[31,-9],[26,18],[47,-21],[37,3],[35,-28],[55,-12],[37,23],[28,-16],[49,19],[54,34],[8,30],[36,34],[39,19]],[[11871,22857],[-14,40],[57,12],[1,79],[-74,10],[-13,-29],[-117,58],[-12,26],[-42,13],[-118,62]],[[11539,23128],[-58,29],[-161,28],[-2,10]],[[6478,30775],[46,-100],[120,-163],[105,-167],[47,-5],[41,-8],[129,-212],[160,-63],[218,-131],[11,-7],[197,-67],[58,-24],[-4,-51],[-97,-19],[-2,-17],[45,-111],[-68,-37],[-11,-28],[16,-25],[20,-82],[81,-15]],[[1620,23264],[57,80],[42,7],[51,52],[-3,75],[47,-2],[17,81],[-2,67],[21,40],[72,125],[20,22],[58,119],[57,10],[6,42],[87,31],[49,47],[58,59],[48,59],[40,-6]],[[2345,24172],[72,-10],[70,-22],[48,-38]],[[2535,24102],[-22,-16],[-6,-32],[67,-177],[10,-14],[32,-133],[51,-143]],[[2667,23587],[-43,-8],[-48,9],[-44,-27],[-31,-54],[-33,27],[-46,-12],[-26,7],[-65,-19],[-43,-25],[-30,7],[-56,-19],[-41,18],[-12,-61],[-29,-25],[36,-16],[16,-37],[61,-70],[26,-15],[49,-5],[40,24],[35,-49],[21,-99],[42,-90],[17,-12],[-33,-93],[-58,-69],[-48,12],[-23,-32],[-7,-32],[-29,-4],[-48,-77],[-69,-35],[19,-28],[-48,-41],[-39,2],[-37,-30],[6,-35],[-20,-34],[-56,2],[0,-56],[28,-18],[-74,-69],[-15,32],[-36,1],[-35,-22],[-16,63],[10,35],[31,-8],[23,39],[36,11],[-45,66],[5,28],[-40,43],[-40,-20],[-44,9],[-4,37],[14,53],[-16,14],[-66,-2],[33,29],[8,30],[-44,11],[23,31],[-3,32],[-69,-2],[10,77],[-12,29],[51,9],[9,44],[53,48],[-14,41],[-41,-7],[-59,101],[-14,13]],[[29160,708],[29,18],[32,61],[0,33],[-19,21],[9,38],[-21,9],[17,47],[-7,34],[-28,17],[-49,95],[-5,38],[-22,17],[7,37],[-51,30],[-57,-12],[-20,66],[4,26],[-36,21],[-13,34],[11,23],[-86,12],[-14,51]],[[28841,1424],[3,68],[19,3],[13,40],[354,-65],[32,30],[46,-15],[33,17],[-10,21],[7,43],[37,29],[20,-5],[8,38],[54,41],[27,-14],[37,9],[45,75],[62,59],[79,178],[28,63],[4,45],[-40,9],[-59,-17],[-14,10],[43,47],[58,1],[28,-18],[93,27],[65,8],[9,48],[23,12],[48,-9],[21,13],[33,-16],[78,48],[41,-56],[77,-11],[11,29],[69,-14]],[[30323,2195],[-1,-58],[-48,-108],[-61,-127],[-43,-101],[-13,-43],[-28,-101],[-42,-89],[-26,-68],[-21,-88],[-15,-97],[-16,-49],[-31,-6],[17,79],[-24,80],[-59,22],[-41,-2],[-26,-16],[11,-41],[-22,-20],[18,-63],[-9,-73],[-20,-29],[-21,25],[-22,-52],[5,-65],[-28,-18],[-63,-58],[-45,-94],[-31,-84],[-14,-84],[-32,70],[-24,12],[-35,39],[-58,-57],[-60,16],[18,-48],[0,-42],[-76,-9],[-9,-69],[-61,-7],[-46,-19],[-61,55]],[[29573,751],[25,-17],[-6,-77],[-36,-34],[2,-68],[-57,-64],[-16,-34],[-26,11],[-27,174],[71,-22],[4,60],[31,73],[35,-2]],[[25862,3419],[315,-368],[110,-128],[104,-117],[144,-150],[59,-56],[52,-59],[76,-135],[32,-34],[53,-6],[196,36],[62,43],[43,2],[63,-77],[46,8],[34,-18],[24,14],[23,53],[42,26],[7,58],[48,27],[12,-8],[4,-64],[39,-28],[54,84],[36,23],[36,-26],[5,-54],[-33,-21],[18,-44],[-21,-27],[38,-21],[42,-9],[39,-21],[20,34],[27,-18],[-14,-49],[34,-33],[26,-3],[55,-56],[-14,-40],[22,-16],[-3,-69],[13,-44],[-28,-40],[41,-91],[59,-27],[23,19],[34,-14],[16,-45]],[[27975,1830],[-16,-51],[13,-27],[54,-24],[30,-66],[-6,-48],[32,-31],[16,-50],[52,-23],[4,28],[54,-17],[18,30],[16,-10],[37,26],[110,-31],[46,-49],[28,21],[37,-16],[75,29],[111,-32],[28,-45],[43,-16],[35,9],[49,-13]],[[29160,708],[-24,-14],[-10,-55],[53,-21],[26,-62],[4,-34],[-14,-49],[43,0],[-23,-39],[9,-69],[24,-48],[2,-33],[20,-27],[19,-56],[-4,-25],[-47,-16],[-59,-3],[-97,25],[-37,23],[-75,9],[-69,-19],[-43,4],[-22,36],[-44,-13],[-24,27],[13,60],[41,3],[27,45],[-19,33],[2,32],[-21,33],[2,47],[31,64],[72,13],[-12,35],[-25,-12],[-31,9],[-39,-47],[-30,10],[-81,-2],[-27,20],[-10,-45],[-43,-55],[-55,27],[-43,-20],[-49,34],[-9,33],[-47,0],[2,-40],[42,-31],[15,-49],[52,-21],[-41,-22],[-35,-44],[-38,-20],[-69,-7],[-6,-46],[-26,-50],[-36,-18],[-11,-48],[-23,-17],[30,-27],[30,5],[-11,-46],[-47,4],[25,-43],[23,-12],[2,-34],[-36,12],[-36,-11],[-36,39],[-32,7],[-16,51],[-73,48],[-586,401],[-244,166],[-446,303],[-595,407],[-415,283],[0,14],[-1638,1100],[7,3]],[[29072,119],[132,-27],[58,19],[28,-58],[-11,-17],[-110,28],[-73,0],[-24,55]],[[28763,557],[34,-22],[-15,-42],[-43,-42],[-31,66],[30,40],[25,0]],[[27975,1830],[41,14],[5,46],[19,27],[-25,44],[36,45],[62,42],[52,74],[125,91],[91,96],[62,-10],[44,2],[36,-29],[36,-10],[14,17],[50,-9],[28,36],[42,24],[21,41],[39,12],[25,73],[0,61],[-16,30],[-48,46],[-19,37],[12,76],[19,40],[42,13],[50,16],[40,-16],[25,19],[103,-41],[57,6],[28,-27],[40,55],[18,2],[19,-42],[-47,-51],[36,-17],[15,23],[64,49],[18,-24],[33,-6],[39,27],[25,-17],[26,15],[38,56],[36,30],[35,9],[-4,57],[23,3],[12,-46],[31,12],[-3,32],[28,39],[39,-4],[36,32],[24,-47],[21,-8],[18,33],[59,12],[24,38],[47,25],[26,-8],[64,71],[-39,29],[-31,-20],[-3,54],[50,29],[104,-15],[116,12],[38,-36],[32,-11],[44,3],[1,98]],[[30223,3209],[74,-4]],[[30297,3205],[-4,-41],[-26,-20],[-12,-71],[17,-8],[8,-44],[84,4],[38,37],[82,-85],[31,-48],[60,13],[98,9]],[[30673,2951],[-43,-71],[-16,-54],[-97,-166],[-18,-43],[-44,-55],[-41,-62],[-29,-98],[-29,-83],[-18,-96],[-15,-28]],[[9402,31400],[8,-29],[-11,-50],[0,-72],[-8,-13],[44,-70],[23,-14],[-20,-50],[-20,-22],[15,-91],[-16,-30],[25,-42],[-39,-63],[3,-67],[30,-18],[-1,-77],[13,-86],[-8,-22],[10,-44],[-1,-111],[-24,-26],[6,-29],[-27,-62],[11,-33],[-38,-9],[-35,-32],[-33,-47],[-30,-98],[7,-52],[-39,-61],[19,-8],[-36,-59],[-22,3],[-71,-36],[-23,-42]],[[9114,29838],[-105,34],[-95,-14],[-32,-7],[-84,9],[-55,-6],[-39,17],[-158,-51],[-56,-2],[-80,-18],[-58,10],[-40,-27],[-78,3],[-15,-31],[-9,33],[3,83],[-48,19],[6,27],[-27,19],[-45,-4],[-30,32],[-12,33],[6,64],[-15,82],[50,16],[-9,53],[-20,28],[1,102],[-5,48],[6,50],[-27,54],[-48,75],[-25,63],[-27,45],[-8,35]],[[7936,30712],[72,59],[245,199]],[[30162,3505],[-19,-29],[-6,-31],[24,-23],[62,-37],[10,-27],[-9,-47],[-1,-102]],[[27582,5805],[54,-5],[130,-2],[344,0],[271,2],[85,-3],[269,2],[22,15],[82,-4],[-14,-37],[36,-51],[41,-33],[15,3],[62,-40],[10,-25],[-16,-39],[6,-26],[-17,-109],[36,-13],[25,-45],[8,-47]],[[29031,5348],[-14,-29],[8,-40],[-14,-36],[3,-72],[-27,-11],[-9,-37],[14,-43],[32,-45],[9,-58],[31,-40],[35,-9],[37,-27],[84,18],[0,-75],[15,-20],[-9,-62],[-45,-8],[6,-37],[23,0],[-2,-42],[-27,-5],[-42,-47],[24,-20],[-14,-45],[59,-64],[19,-4],[28,-39],[28,23],[30,-18],[21,21],[33,1],[86,-64],[5,-28],[66,-62],[13,-20],[45,-7],[44,-24],[34,-49],[65,-65],[41,-15],[39,-91],[32,-7],[20,-23]],[[16943,17904],[-14,23],[-70,10],[2,22],[50,17],[-46,67],[-42,-20],[-94,168],[-29,-21],[-23,13],[-45,-30],[-33,0],[-75,-73],[-38,-2],[-33,-51],[-26,1],[-62,19],[-19,39],[-38,10],[-81,-31],[-43,9],[-27,-8],[-99,35],[-28,2],[-5,-3],[-51,24],[-52,55]],[[15922,18179],[19,19],[12,13],[11,13],[1,0],[45,46],[14,15],[60,61],[-21,17],[-62,16],[-41,34],[-83,13],[-33,-6]],[[7795,21125],[-2,-1],[-10,-36],[-51,-34],[-58,31],[-138,8],[-52,-6],[-53,4],[-12,-19],[-55,-4],[-121,21],[-27,-11],[-29,-33],[-46,-21],[-68,-75]],[[7073,20949],[8,56],[-21,46],[-60,35],[-7,34],[-115,39],[78,32],[-3,46],[-53,42]],[[6900,21279],[6,3],[-6,42],[-38,49],[-64,23],[-50,45],[-34,45],[-4,18],[36,89],[26,28],[-24,30],[-24,44],[8,43],[-35,12],[-17,29],[21,51],[-23,22],[-55,17],[-7,30],[27,63]],[[4124,19448],[-41,100],[-37,36],[-16,55],[-20,13],[-39,66],[-7,80]],[[3964,19798],[21,10],[78,-10],[58,13],[46,-15],[34,52],[11,112],[16,11],[38,59],[57,-35],[22,19],[38,1]],[[4383,20015],[-1,-15],[59,-31],[36,-48],[43,-20],[39,-39],[47,-11],[40,4],[33,-60],[8,-43],[4,-100],[12,-26],[51,-25]],[[5178,25300],[-23,-102],[121,-40],[-5,-41],[5,-102],[12,-63],[55,-36],[34,14],[133,-15],[109,28],[72,11],[0,54],[-17,30],[41,64],[50,31],[-4,23],[49,-20],[31,11],[50,-14],[35,7],[32,-19],[50,7],[42,75],[42,1],[16,31],[53,22],[61,-5],[13,-12],[44,-44],[49,19],[21,-14]],[[6349,25201],[9,-32],[-94,-55],[31,-59],[-8,-40],[-41,-62],[-7,-27]],[[6239,24926],[5,-42],[-34,-43],[1,-42],[-30,-33],[-27,-10],[-19,-30],[9,-41],[50,-66],[-1,-21],[-48,-38],[-5,-73],[-22,-23],[-123,-2],[-24,31],[-19,-54],[-30,37],[-88,-16],[-27,-17],[-133,-5],[-11,44],[-28,8],[-44,-42],[-61,-31],[-33,5],[-77,-17],[-28,-19],[-51,7],[-7,-28],[14,-40]],[[5348,24325],[-43,-12],[-53,-2],[-20,17],[14,38],[-70,-13],[-95,18],[-72,-10],[-270,-6],[-94,29],[-19,22]],[[4626,24406],[6,38],[34,52],[57,17],[58,-7],[52,40],[78,18],[19,23],[74,1],[55,31],[1,74],[-11,39],[-66,13],[-38,-21],[-38,32],[-6,46],[-45,1]],[[6349,25201],[75,-11],[29,29],[28,-3],[28,23],[88,37],[37,32],[35,96],[54,9],[42,34],[-3,42],[44,17],[14,-33],[53,34],[-10,48],[18,10],[134,40],[47,-18],[73,9],[55,31],[23,25],[26,-1],[12,39]],[[7251,25690],[58,-25],[28,-25],[2,-51],[135,19],[27,-33],[57,3],[35,-49],[35,-29],[-20,-16],[-65,21],[-51,5],[7,-123],[-32,-61],[-1,-85],[131,-72],[60,-13],[16,-44],[33,-25],[39,-62],[38,28],[32,0],[71,-156],[85,-200],[27,-70]],[[7998,24627],[-158,10],[-86,45],[-109,33],[-8,-23],[-1,-110],[-100,12],[-51,-1],[-10,-13],[-79,-25],[-45,-5],[-28,-1],[-1,67],[19,22],[-13,45],[6,92],[-53,-4],[-38,76],[6,19],[-66,19],[-43,-2],[-66,-93],[-65,-14],[-54,-25],[33,31],[5,51],[-69,42],[-38,-5],[-72,10],[-45,-78],[-26,35],[-83,3],[-28,-11],[-13,23],[-62,5],[-64,67],[-41,7],[-15,-41],[-28,-13],[-15,35],[-121,24],[-34,-10]],[[20782,23295],[83,-84],[12,-36],[28,-20],[36,-53],[46,-85],[31,-40],[20,-68],[32,-26],[96,-15],[18,-17],[-31,-69],[-2,-43],[45,-21],[-30,-25],[23,-54]],[[21189,22639],[-21,36],[-27,18],[-29,-27],[-39,-11],[2,-31],[-14,-52],[-28,-29],[5,-58],[-63,-28],[-25,-27],[-26,-58],[-58,-1],[-55,-60],[-42,-30],[0,-24],[-102,-72],[-49,-16],[-17,-25],[-26,10],[-59,-20],[-56,-1],[-16,14],[-76,3],[-81,-30],[-34,5],[-18,26],[-76,19],[-7,15],[-44,11]],[[20108,22196],[-18,24],[-49,33],[-59,5],[-47,20],[-21,32],[-61,39],[-39,40],[-3,27],[-34,31],[-42,-3],[-49,14],[-9,17],[-60,1],[-80,53],[-17,28],[-29,-2],[-55,33],[-20,-13],[-60,28],[-16,13]],[[19340,22616],[-694,583],[-600,505]],[[5491,25899],[117,130],[59,109],[149,87],[36,12],[5,60],[62,13],[43,-23],[87,113],[13,49],[2,53],[38,48],[36,-35],[49,11],[13,-28],[5,-102],[16,-33],[50,-45],[39,-25],[10,45],[31,32],[-20,115],[34,36],[17,37],[32,39],[130,24],[67,38],[33,-31]],[[6983,26047],[-58,-8],[-34,-18],[-18,-66],[5,-52],[-47,20],[-52,6],[-37,15],[-32,-21],[-43,-4],[-25,-6],[-126,-86],[37,-109],[-45,-60],[2,-22],[-79,-67],[-33,32],[-55,26],[-1,-42],[-47,-23],[-44,9],[-92,-12],[-16,82],[-72,16],[1,-43],[40,-58],[-51,-32],[-96,-17],[-37,13],[8,-20],[-38,-40],[42,-99],[-17,-20],[-5,-59],[-30,-3],[-18,-40],[-34,-12],[-75,22],[-71,-3],[-71,40],[-24,50],[-65,-17],[-14,33],[45,28],[28,34],[-19,18],[23,161],[-6,98],[-38,66]],[[21181,21056],[-71,29],[-27,-2],[-92,21],[-21,-40],[-48,8],[-60,-21],[-52,27],[-43,35],[-80,90],[-36,-11],[-55,-41],[-43,8],[-23,-23],[-46,-15],[-15,-42],[-43,-14],[-41,-29],[-36,-3],[-27,-23],[-32,6],[-30,25],[-26,0],[-58,2],[-42,-15],[-12,24],[-77,15],[-67,27],[-15,47],[-50,44],[-52,9],[-36,28],[-31,-3],[-75,38],[-29,4],[-15,-64],[-62,94],[-46,9],[-9,-16],[-42,11],[-25,-9],[-15,-33],[-26,-13],[-42,58],[15,33],[46,46],[-49,47],[-42,21],[52,51],[-5,131],[-84,39]],[[19341,21666],[-13,23],[48,7],[41,26],[12,43],[39,-10],[51,28],[90,6]],[[19609,21789],[26,-24],[36,2],[131,-21],[4,-12],[82,-1],[-2,36],[47,-8],[22,37],[18,-9],[57,10],[23,-12],[14,38],[-8,26],[25,34],[28,20],[85,-1],[19,23],[-39,46],[-60,14],[-91,39],[9,51],[35,60],[-1,27],[39,32]],[[21189,22639],[-24,-72],[37,-20],[-3,-43],[-30,-24],[-4,-54],[56,-13],[2,-51],[31,-11],[15,-32],[35,6],[37,-13],[-10,-42],[25,-21],[27,12],[34,-11]],[[7059,25941],[156,-225],[36,-26]],[[11539,23128],[-11,-26],[-40,-28],[17,-54],[-76,-23],[-7,27],[-61,-19],[16,-59],[-6,-19],[-1,-4],[7,-16],[18,-41],[-10,-37],[12,30],[69,32],[82,57],[11,29],[30,10],[106,-53],[35,-39],[-1,-18],[49,-118],[13,-46],[-4,-79],[34,-61],[-2,-39],[-42,-88],[-15,-58],[2,-94],[94,-1]],[[31017,3511],[20,-47],[-34,-37],[-38,-59],[-18,-12],[-20,-44],[-39,-58],[-29,-20],[-67,-11],[-31,108],[-33,1]],[[8199,27335],[79,-107],[62,8],[74,19],[1,22],[-30,16],[-19,52],[61,33],[65,54],[41,0],[41,16],[43,-5],[37,22],[79,29],[46,-3],[102,57],[66,18]],[[8947,27566],[11,-37],[-19,-57],[-34,-41]],[[8905,27431],[-10,-53],[19,-45],[-20,-44],[53,-50],[12,-28],[-5,-48],[93,-56],[8,-83],[37,-38],[23,-37],[22,-77],[23,-29],[18,-70],[-6,-38],[37,-88],[-31,-67],[32,-51],[18,-11],[92,-74],[34,-3],[47,-37],[19,1],[53,-31],[59,-21],[9,-24],[-21,-34],[19,-16],[-16,-53],[-38,-77],[11,-166],[-9,-78],[-18,-36],[0,-32],[38,-52],[26,-60],[9,-69],[-4,-53]],[[9538,25603],[-30,-30],[-48,-11],[-33,-49],[-37,-27],[-15,-17],[18,-39]],[[9393,25430],[-1,-10],[-119,-37],[-450,2]],[[9880,33162],[271,-415],[398,-603],[140,-218],[68,-112],[55,-74],[104,-163],[110,-164],[94,-149],[169,-252],[261,-399],[297,7],[114,1],[100,-123],[134,-155],[98,-130],[137,-163],[250,-307],[55,-63],[125,14],[20,-32],[13,-69],[23,-43],[64,-12],[7,-26],[102,-25],[2,-19],[20,-8],[1,-95],[-9,-16],[36,-42],[-3,-39],[11,-9]],[[13654,28927],[-79,-49],[-24,-70],[-350,-553]],[[13201,28255],[-306,-297],[-313,-82],[-4,-3],[-60,-68],[12,-49]],[[12530,27756],[-34,-25],[-52,19],[-27,24],[1,32],[-23,54],[-29,31],[-406,2],[-2,107],[14,67],[45,85],[-98,-2],[-73,-54],[-109,-44],[-96,-52],[-39,-58],[-19,-41],[-105,5],[-185,-1]],[[11293,27905],[81,237],[-72,93],[-63,45],[-41,-26],[-24,15],[43,51],[-27,12],[-69,-15],[-84,26],[-42,22],[-93,32],[-27,1],[-41,23],[14,27],[-21,58],[3,38],[-35,26],[-9,41],[74,89],[16,51],[-19,38],[20,58],[16,18],[-9,46],[-51,29],[-18,39],[-66,62],[-32,-22],[-25,-39],[-85,-33],[-15,39],[-25,33],[-13,44],[-1,51],[-59,37],[6,28],[-19,49],[-345,294],[-36,29],[-52,12],[-60,-17],[-44,9],[-44,-9],[-28,34],[-90,75],[-34,-5],[-69,-51],[-117,-77],[-207,-130],[-42,49],[-50,39],[-4,34],[-63,44],[-31,-12],[-80,8]],[[9085,29554],[-17,30],[26,36],[-21,88],[31,61],[10,69]],[[12564,25151],[85,5],[43,-32],[24,23],[32,91],[32,13],[17,83],[19,42],[5,42],[-37,12],[-39,61],[-46,58],[-45,32],[-21,32],[55,53],[-20,25],[23,49],[-74,43],[-53,44],[-39,8],[15,54],[-13,39],[-76,17],[-27,68],[-53,42],[-41,64],[36,42],[63,37],[-7,204],[1,51],[-12,11],[-17,99],[-44,66],[-19,86],[-30,70],[105,230],[131,276],[70,164],[-29,102],[-48,199]],[[13201,28255],[277,-149],[182,-72],[-140,-277],[234,-100],[-46,-109],[-45,-90],[-86,-205],[-74,27],[-50,5],[-180,40],[-212,-233],[104,-159],[77,-21],[77,-87],[18,-30],[43,-36],[22,-45],[61,27],[20,-48],[65,-240],[54,39],[182,-303],[47,30],[38,10],[19,-37],[130,-182],[52,68],[80,65],[36,20],[47,8],[104,79],[85,73],[60,64],[39,52],[23,64],[-5,38],[30,16],[11,54],[29,25],[16,47],[54,41],[61,-5],[63,5],[21,54],[77,5],[98,-246],[79,-98],[136,40],[2,-48],[-14,-23],[11,-47],[20,-25],[-10,-31],[17,-39],[19,-7],[-24,-49],[-3,-36],[-55,-16],[-20,5],[-30,-25],[-41,-15],[-21,-31],[-36,-20],[-76,-9],[-44,-74],[-63,-16],[-19,-25],[-24,-68],[1,-69],[-25,-20],[8,-45],[33,-68],[-34,-22],[-26,-49],[13,-14],[7,-78],[-17,-42],[147,-175],[-19,-59],[459,-52],[24,-143],[-153,-54],[-133,-56]],[[15088,24934],[-7,-3],[-200,-3],[-108,-51],[-107,-13],[-11,-24],[-41,-4],[-43,-88],[-25,-13],[-26,-41],[-64,2],[-34,-19],[-9,-87],[-33,-45]],[[17039,24390],[-41,-88],[-70,69],[-52,41],[-70,81],[2,45],[-32,-16],[-18,-43],[-35,22],[-46,-43],[-14,-46],[-124,-150],[-11,-23],[-136,-74],[-54,-10],[-63,-24],[-2,-32],[23,-99],[14,-178],[47,-52],[81,-35],[12,-43],[18,-8],[32,-116],[-34,-151],[-14,-17],[-16,-64],[29,-52],[-16,-46],[-35,-20],[-33,-41],[-57,-26],[-64,11],[-29,-15],[-15,-40],[9,-20],[-37,-15],[-17,-48],[-419,122],[-49,37],[-3,24],[-77,-41],[-70,181],[6,44],[-28,73],[35,13],[25,-12],[49,50],[28,6],[36,55],[-35,49],[-11,52],[-24,22],[13,55],[-71,29],[-88,13],[-3,161],[-22,1],[-183,-16],[-129,-39],[-16,27],[-64,-55],[-199,-45],[-29,-35],[-276,-90]],[[15088,24934],[71,-30],[-4,-27],[-41,-91],[-73,-57],[-14,-28],[-76,-112],[-52,-64],[54,-97],[56,-53],[54,-82],[28,-13],[-15,117],[102,26],[-35,229],[86,57],[103,-23],[-2,11],[94,7],[5,-10],[273,-14],[4,-5],[199,-33],[25,1],[-14,-89],[21,-36],[33,-28],[58,8],[35,-31],[29,0],[59,-32],[62,-16],[74,-2],[10,10],[95,175],[-88,28],[-68,207],[162,63],[43,-11],[65,26],[47,1],[46,-19],[53,10],[37,-32],[2,-46],[241,15],[1,58],[-38,18],[7,80],[-4,85],[-10,35],[-41,63],[-14,45],[-8,245],[-11,113],[12,109],[29,69],[-10,57],[8,73],[-12,57],[-40,86],[8,68],[-1,76],[-10,98],[35,71],[119,-53],[435,-192],[-141,-305],[1,-201],[-12,-104],[-1,-75],[14,-78],[-9,-91],[-19,-64],[58,-119],[40,-31],[-53,-60],[16,-36],[57,-21],[43,-63],[94,-29]],[[30614,3375],[42,25],[32,-3],[51,-39],[-26,-27],[29,-18],[-6,-42],[28,-27],[11,-63],[-35,-14],[-14,-22],[-33,-3],[-71,81],[-29,13],[-8,56],[-29,34],[10,34],[29,-6],[19,21]],[[14878,17001],[-45,-1],[-31,-36],[-49,11],[-50,32],[-3,38],[13,53],[-5,78],[-82,-2],[-8,-52],[-53,5],[-54,-6],[-23,8],[-43,-14],[-1,118],[-10,43],[48,14],[16,21],[1,76],[42,23],[-33,49],[-5,90],[56,10],[-51,15],[21,39],[-6,39],[45,23]],[[14568,17675],[31,-58]],[[14599,17617],[-10,-26],[82,-51],[54,-104],[23,-22],[49,6],[53,-40],[29,-36],[75,-57],[62,-18],[22,-16],[90,-6],[19,-17],[52,13],[30,-14],[47,18],[18,-11],[63,-2],[43,33],[28,-8]],[[15428,17259],[-10,-39],[-75,-3],[-52,-36],[-51,-47],[-81,-4],[-39,-33],[-22,3],[-74,-44],[-30,1],[-26,-12],[-65,-6],[-25,-38]],[[14614,15392],[109,-50],[45,-7],[75,9],[192,10],[432,4],[57,3],[-20,-35],[-16,-60],[31,-137],[106,-126],[97,-92],[33,-45],[84,-4],[34,26],[32,0],[19,-32],[44,-19],[-8,-29],[23,-17],[47,6],[19,-23],[49,-18],[40,1],[49,23],[67,-44],[43,-67],[131,-47],[55,-58],[82,-24],[-16,-135],[12,-93],[-4,-24],[48,-46],[14,-31],[33,-13],[-31,-38],[27,-23],[-29,-20],[25,-20],[30,-61],[64,-1],[34,-88],[-9,-38],[25,-28],[34,-65],[18,-17],[63,-4],[20,-19],[56,3],[-2,-42],[22,-25],[-5,-53],[-3,-18],[-43,-29],[-5,-43],[55,-31],[18,-57],[54,-39],[13,-77],[38,-60],[30,-7],[25,-99],[22,-26],[10,-96],[43,-6],[31,-30],[50,0],[28,14],[38,-7]],[[17398,13048],[-71,-21],[-97,-36],[-53,-46],[-50,-33],[-65,-31],[-40,-17],[-92,-98],[-35,-97],[-12,-14],[-68,-163],[-169,-399],[-191,-409],[-120,-215],[-39,-24],[-14,-25],[-40,1],[-54,-50],[-7,-35],[-29,-26],[-32,-63],[-64,-85],[-67,-41],[-37,-2],[-35,-52],[3,-52],[-31,-40],[-49,-139]],[[15840,10836],[-459,252],[-211,114],[-426,219],[-369,206],[-560,310],[-287,160]],[[13528,12097],[325,263],[9,17],[-33,43],[-52,-2],[-83,104],[1,49],[-32,41],[-2,66],[-38,121],[-42,62],[-50,101],[22,22],[100,145],[48,38],[17,35],[45,45],[32,50],[13,56],[68,23],[314,117],[122,149],[72,82],[136,163],[323,132],[177,76],[-50,45],[-1,26],[23,113],[-45,91],[-5,82],[-10,11],[-85,-22],[-65,27],[-36,43],[-161,251],[-22,42],[-7,74],[4,64],[15,66],[6,131],[33,253]],[[19591,12388],[-15,9],[-42,-25],[-59,0],[-17,-65],[3,-43],[42,-50],[-67,-23],[-88,-55],[-4,-46],[-17,-33],[-59,-33],[-16,-39],[-39,-55],[-67,-21],[-30,19],[-47,-21],[-40,7],[-63,-40],[-41,2],[-29,28],[-109,63],[-67,58],[-154,163],[-107,76],[-29,16],[-57,77],[-57,54],[-51,68],[-224,257],[-165,203],[-102,12],[-41,14],[-132,-1],[-43,9],[-51,-28],[-49,40],[-35,49],[-25,14]],[[14614,15392],[-283,77],[44,58],[56,85],[36,69],[66,183],[24,162],[-5,62],[16,95],[103,3],[112,-13],[218,13],[215,1],[91,35],[-9,28],[16,58],[-59,113],[-13,14],[-1,12],[-136,183],[-52,80],[-124,217],[-51,74]],[[15428,17259],[43,-22],[87,1],[2,-23],[27,-26],[38,-11],[34,-28],[46,-18],[46,8],[52,-42]],[[13910,18460],[-26,-99],[-83,-287]],[[13801,18074],[-22,-75],[-117,-148],[515,-100],[262,-49],[129,-27]],[[13528,12097],[-301,165],[-607,334],[-446,245],[-150,81],[-589,324],[-407,223],[0,10]],[[4626,24406],[-6,-23],[23,-28],[-4,-22],[26,-35],[-4,-110],[-16,-52],[23,-1],[362,-7],[-30,-48],[-74,-17],[-24,-136],[49,-49],[39,-3]],[[4990,23875],[-71,-66],[-38,16],[-42,-47],[-66,-41],[-70,-3],[-20,17],[-53,-26],[-62,-7],[-9,-31],[-31,-43],[-40,-19],[-30,-39]],[[4458,23586],[-27,11],[-84,74],[-53,13],[-15,35]],[[4279,23719],[24,26],[-18,25],[33,25],[59,26],[32,37],[-33,35],[52,43],[28,-8],[2,54],[46,23],[7,30],[-7,50],[8,3],[22,8],[-4,42],[-73,-4],[3,48],[-51,65]],[[4409,24247],[-19,43],[-48,40],[-37,51]],[[7505,23253],[-37,158],[-28,91],[-3,74],[-32,2],[-153,0],[-32,54],[-42,1],[16,46],[-37,63],[-38,-44],[-93,173],[-101,1],[-47,66],[1,9]],[[6879,23947],[281,37],[155,69],[111,-86],[65,-31],[160,-9],[16,4],[89,60],[49,44],[16,12],[118,45]],[[7939,24092],[111,-9],[56,10],[10,-58],[91,-62],[62,102],[7,39],[114,112],[35,48],[12,-14],[-38,-70],[-4,-47],[10,-142],[1,-100],[10,-105],[51,1],[54,-47],[-57,-17],[-44,17],[23,-116],[-2,-77],[-26,-52],[-64,20],[-35,-23],[-45,-2],[-3,-25],[-60,-25],[2,-55],[-29,-11],[-36,-13],[-18,46],[-47,-32],[-79,0],[-59,-24],[-9,-33],[-64,-26],[-50,-41],[-29,6],[-38,38],[-48,-28],[-65,-38],[-16,-21],[-52,11],[-24,32],[-42,-8]],[[6571,22777],[42,65],[-34,17],[-5,45],[53,2],[16,91],[19,25],[15,68],[-6,34],[39,-13],[60,46],[55,9],[28,-17],[44,6],[23,-21],[4,-45],[59,10],[10,64],[27,23],[-9,32],[5,55],[-8,59],[13,28]],[[7021,23360],[40,-29],[7,-39],[40,-37],[128,4],[45,-22],[25,6],[36,-43],[45,0]],[[7387,23200],[50,-37],[42,10],[53,-18],[44,-32],[29,11],[4,-35],[120,0],[85,44],[42,-11],[-25,-60],[-58,-22],[-48,-55],[-57,-25],[-22,-38],[-30,-10],[-2,-28],[-30,-5],[-68,-50],[-96,-53],[-13,-30],[9,-32],[-44,-56]],[[6900,21279],[-98,-66],[-61,-48],[-29,-47],[-88,-39],[-29,-21],[-105,-6],[-50,-11],[-60,3],[-11,-10],[-80,-17],[-23,29],[-20,-30],[-60,4],[-38,-44],[-33,14],[-32,56],[23,36],[-13,20],[9,47],[31,80],[-19,38],[16,43],[-29,13],[5,57],[-20,5],[-49,-32],[-34,-58],[-32,-17]],[[5971,21278],[29,38],[-4,26],[-30,35],[-28,57],[-20,71],[18,37],[-5,88],[15,16],[-19,29],[21,17],[-7,39],[-20,19],[23,30],[3,33],[21,29],[-22,34]],[[5946,21876],[-2,3]],[[5944,21879],[3,16],[43,23],[74,10],[52,90]],[[5720,22455],[-19,71],[-16,134],[15,40],[-9,25],[26,41],[78,38],[27,30],[98,83],[16,29],[7,71]],[[5943,23017],[19,74],[7,72],[4,101],[25,77],[7,20],[48,45],[166,38],[88,155],[43,85],[9,3]],[[6359,23687],[40,-31],[46,-4],[70,-21],[34,19],[55,-4],[49,-13],[12,32],[27,-19],[35,2],[38,-38],[44,-17],[24,-39],[11,-67],[36,-18],[28,11],[38,-34],[37,-13],[38,-73]],[[5944,21879],[-52,1],[-51,18],[3,61],[33,5],[17,97],[-4,44],[22,15],[-5,41],[-35,42],[2,39],[-18,30],[-39,48],[-46,19]],[[30297,3205],[52,20],[34,1],[31,-19],[33,36],[35,-19],[54,25],[18,-8],[5,-42],[40,-41],[-31,-54],[4,6],[35,54],[14,2],[48,-39],[60,-6],[4,-55],[-31,-63],[-31,-40],[2,-12]],[[29031,5348],[107,-52],[87,-1],[29,-75],[19,-12],[56,18],[89,43],[62,26],[67,-14],[89,16],[119,-42],[80,-19],[66,4],[26,-9],[12,36],[41,-24],[48,34],[51,70],[39,9],[16,17],[41,-8],[-1,-41],[42,-25],[29,3],[9,32],[43,14],[2,27],[33,7],[14,-34],[21,-3],[32,64],[54,4],[0,-65],[20,-24],[71,44],[25,-18],[-27,-156],[61,-25],[91,17]],[[4279,23719],[-51,47],[46,33],[4,43],[21,135],[38,51],[-36,24],[-27,-11],[-35,-39]],[[4239,24002],[-34,-10],[-42,28],[14,84],[64,-6],[72,-26],[39,8],[-7,66],[-15,43],[57,27],[22,31]],[[27941,7111],[247,7],[132,7],[579,19],[687,22],[91,51],[-23,-106],[485,199],[205,89],[176,68],[264,120],[162,76]],[[30946,7663],[26,-20],[39,3],[32,34],[34,11],[44,-17],[70,-77],[58,-47],[11,-44],[56,39],[129,108],[33,-38],[75,-41],[-40,-31],[0,-28],[28,-48],[-17,-44],[15,-55],[-3,-45],[-39,-44],[-16,-49],[502,-280],[2,-2]],[[31498,5534],[13,-56],[-55,-16],[-79,35]],[[30946,7663],[5,86],[8,39],[-56,115],[-60,69],[-3,85],[35,17],[52,4],[35,39],[53,20],[16,-5],[48,22],[37,-7],[92,-39],[26,5],[20,37],[29,5],[50,30],[64,-11],[23,6],[73,53],[43,3],[30,-33],[-29,-52],[22,-22],[86,-1],[7,-16],[-13,-65],[60,16],[27,-5],[50,-50],[-4,-65],[85,-5],[45,-9],[22,-25],[2,-44],[34,7],[7,55],[34,0],[-7,-55],[52,-19],[2,-40],[20,-43],[24,0],[53,40],[63,4],[34,-28],[76,67],[40,18],[-25,35],[42,38],[60,0],[20,16],[-9,35],[-32,36],[59,34],[33,-41],[16,-52],[60,-9],[8,40],[56,7],[52,-61],[50,19],[32,-7],[70,1],[-14,-36],[6,-39],[-48,-47],[59,-68],[17,31],[23,-2],[107,-59],[45,-15],[30,-30],[34,-6],[23,5]],[[33132,7691],[45,-77],[-10,-27],[-7,-97],[34,-34],[-24,-71],[-21,-19],[8,-35],[-18,-48]],[[28297,8426],[44,35],[216,242],[-3,40],[43,27],[458,502],[88,94],[309,339],[342,367],[219,240],[555,609],[189,214],[244,270],[333,374],[296,322],[274,311],[394,-545],[59,-84],[95,-133],[393,-548],[379,-524],[230,-321]],[[33454,10257],[-91,-13],[9,-60],[-7,-63],[40,-15],[-9,-34],[10,-43],[-55,13],[8,-48],[20,-28],[-13,-34],[-39,5],[15,-38],[-22,-32],[41,-36],[30,6],[60,-108],[-18,-9],[3,-63],[-24,-48],[10,-20],[-28,-67],[-15,-13],[-19,-63],[-31,-17],[-30,23],[-4,-83],[-27,-13],[-7,-52],[18,-7],[18,29],[54,12],[5,-82],[-68,6],[-2,-57],[45,20],[-11,-79],[5,-33],[-33,1],[-5,-195],[-19,-66],[21,-71],[77,0],[-2,-16],[-68,-2],[26,-88],[0,-35],[50,9],[10,34],[23,1],[33,33],[39,99],[33,-3],[43,29],[42,-23],[43,-2],[46,25],[1,23],[32,32],[40,14],[15,-58],[-18,-39],[-26,20],[-62,-56],[-88,-23],[-23,-25],[-22,-51],[0,-48],[-82,-31],[-30,-29],[-23,-53],[18,-59],[1,-44],[-50,-21],[-35,-33],[-11,-42],[23,-47],[0,-48],[17,-77],[0,-57],[-73,-94],[-31,-70],[-23,-30],[-35,-36],[-41,-57],[-28,-67],[2,-46]],[[33450,10248],[1,-72],[-28,2],[1,38],[26,32]],[[2385,25930],[-70,-18],[-31,23],[-21,-15],[-2,-43],[-52,-9],[-34,-24],[-19,-30],[-64,1],[-26,-11],[-147,-40],[-13,-79],[-31,-44],[-34,-75],[-48,-9],[-34,46],[-83,67],[-27,-26],[-77,10],[-15,-54],[31,-47],[7,-35],[-83,-46],[-1,-88],[-58,-45]],[[1453,25339],[-37,-16],[-57,30],[-17,26],[-64,-5],[-47,-61],[-58,0],[-59,-40],[-96,-24],[-27,3],[-32,-19],[-30,-46],[20,-21],[-43,-42],[-56,22]],[[2576,25287],[-20,0],[-43,-85],[-23,30],[-79,46],[-26,22],[-36,-33],[-83,-16],[-26,-18],[-69,-15]],[[2171,25218],[-47,32],[-30,-7],[-62,13],[-76,40],[-24,1],[-4,8],[-71,-4],[-33,15],[-45,-37],[-62,-5],[-109,10],[-43,-13],[-83,52],[-29,16]],[[2171,25218],[18,-46],[21,-10],[28,-41],[17,-131],[24,-33],[56,-51],[-23,-26],[-15,-44],[10,-68],[11,-26],[-11,-58],[39,-47],[25,-8],[21,-95],[-4,-40],[-81,-20],[-40,-25],[-9,-71],[-54,-32]],[[2204,24346],[-49,3],[-115,-38],[-74,-4],[-43,-19],[-97,-20],[-68,-11],[-24,8],[-66,-26],[-63,51],[-60,8],[-41,20],[-27,58],[-15,57],[-28,-6],[-34,16],[-40,-19],[-65,-5],[-30,44],[-32,7],[-45,-37],[-52,54],[-66,0],[25,64],[-35,57],[-15,52],[-39,68],[-23,0],[-154,-70],[-47,15],[-96,-49],[-3,-38],[-27,-20],[-31,17],[-47,-19],[-1,-20],[-42,-28]],[[4239,24002],[-53,-49],[-33,-6],[-43,39],[-52,33],[-63,0],[-27,-18],[-30,-13],[-30,-53],[-53,-27],[-81,-7],[-58,-46],[-7,-21],[-90,-95],[-20,-1],[-63,-32],[9,35],[-42,24],[-42,-17],[-50,3]],[[3411,23751],[-1,45],[35,69],[2,39],[62,12],[-32,79],[0,41],[48,23],[-39,64],[-62,29],[-16,109],[13,27],[-30,13]],[[4306,21560],[35,-42],[-1,-29],[23,-32],[15,-82],[37,18],[59,-9],[23,-36],[39,-38],[25,34],[29,-29],[-14,-16],[43,-34],[66,-71]],[[4685,21194],[-7,-14],[-48,-96],[11,-80],[-57,13],[-35,-7],[-17,-51],[26,-39]],[[4558,20920],[-83,40],[-12,-20],[-37,25],[-27,-17],[-60,-6]],[[4339,20942],[-41,79],[-32,36],[-66,88],[-22,28],[-34,51],[-15,12],[-126,144]],[[15504,18138],[2,-30],[42,-59],[6,-53],[14,-34],[-26,-56]],[[15542,17906],[-18,-18]],[[15524,17888],[-26,-19],[-74,-10],[-41,-29],[0,-4]],[[15383,17826],[-4,4],[-64,63],[-107,18],[-23,-3],[-60,-19],[-55,-6],[77,-28],[-42,-3],[-48,-25],[-11,0],[-53,-19],[-23,7]],[[14970,17815],[-8,7],[-68,55],[-3,4]],[[15383,17826],[41,-92]],[[15424,17734],[-130,-34],[-135,-7],[-48,8]],[[15111,17701],[-45,29],[-2,1],[-8,3],[-60,31],[-26,50]],[[10373,24310],[-29,37],[-35,69],[-42,62],[-48,32],[-22,53],[-61,39],[-57,-5],[46,41],[5,62],[25,25],[-15,70],[26,57],[59,42],[40,71],[-124,136],[-96,134],[-23,24],[-55,-18],[-84,-73],[-19,-4],[-120,124],[-120,117],[-49,63],[-57,-1],[-18,17],[-54,-39],[-53,-15]],[[9538,25603],[34,-26],[42,7],[39,23],[23,-12],[50,49],[55,-14],[52,45],[-3,36],[30,76],[-27,12],[13,54]],[[9846,25853],[31,1],[53,30],[15,13],[75,-28],[27,-26],[31,-4],[52,10],[62,-28],[7,21],[98,-39],[54,-30],[7,37],[42,47],[2,65],[25,7],[24,-19],[54,44],[37,14],[2,19],[45,41],[14,40],[-27,35],[5,30],[33,49],[-17,40],[28,54],[-19,54],[12,131],[26,60],[33,20],[119,12],[114,68],[14,15],[60,2],[31,-49],[-6,-93],[-17,-38],[-19,-5],[17,-49],[-8,-41],[13,-58],[-23,-116],[-18,-50],[2,-36],[-27,-100],[385,72],[117,-15],[21,5],[80,-15],[44,-13],[83,-11],[96,5],[0,58],[330,-24],[18,-69],[55,-101],[32,-85],[-73,-85]],[[9104,24177],[0,1],[0,0],[-30,35],[20,20],[-39,78],[-113,16],[-149,130],[-64,-18],[-13,15],[-133,0],[-22,28],[-93,92]],[[8468,24574],[12,88],[10,72],[69,5],[-4,87],[34,45],[-31,35],[22,132]],[[15424,17734],[8,-13],[13,-24]],[[15445,17697],[-26,-32],[-64,-13],[-8,-17],[-38,-2],[-2,-4],[-8,-16],[24,-7],[-37,-11],[-32,25],[-31,-15],[-39,5],[-20,35],[0,-15],[-26,9],[-53,-10],[-18,30],[-29,17]],[[15038,17676],[73,25]],[[7387,23200],[118,53]],[[7939,24092],[-98,265],[-6,24],[42,124],[17,19],[119,69]],[[8013,24593],[153,43],[25,-42],[-62,-27],[-8,-23],[118,28],[76,-3],[22,-26],[81,-10],[13,38],[37,3]],[[15922,18179],[-2,-1],[-50,-22],[-66,-31],[-25,-34],[-75,-56],[-11,-17]],[[15591,17914],[-49,-8]],[[16253,17751],[-74,188],[-82,25],[0,-37],[-43,-52],[-17,1],[-2,1]],[[16035,17877],[-20,48],[-41,-6],[-56,-12]],[[15918,17907],[-58,13],[0,0]],[[15860,17920],[17,24],[89,60],[-39,14],[-8,2]],[[3411,23751],[-58,-17],[-15,24],[-45,11],[-24,-40],[18,-21],[0,-1],[1,0],[3,-4],[1,-1],[0,0],[2,-1],[1,0],[1,-1],[1,-2],[0,-2],[-17,-24],[-42,0],[-37,-20],[-16,-24],[-33,-9],[-18,-64],[-60,-12],[-24,-42],[-42,-12],[-23,24],[-32,8],[-18,50],[-43,-19],[-72,13],[-49,70],[-16,3],[-40,-32],[-48,-19]],[[2535,24102],[52,32],[115,73],[78,69],[116,54],[123,22],[56,18],[55,19],[30,27]],[[5943,23017],[-78,5],[-43,-18],[-28,23],[-46,-2],[-37,22],[-47,42],[1,18],[-119,106],[-11,31],[-36,-10],[-46,20],[-17,23],[-83,45],[-53,-13],[-59,-32],[-39,-9],[-24,-25],[-50,-83],[-91,-73],[-9,-28],[-28,-14],[-2,-34],[-43,-47],[-89,-27]],[[4866,22937],[8,64],[-36,86],[-48,-16],[-77,14],[-18,38],[-9,58],[-78,205],[-53,90],[-58,24],[-44,69],[5,17]],[[4990,23875],[67,-15],[41,-24],[34,5],[20,-56],[-13,-78],[34,-24],[4,-42],[-11,-36],[30,-5],[82,77],[10,25],[41,14],[53,38],[18,-10],[82,-6],[43,11],[61,-15],[37,2],[58,-28],[12,-20],[59,-33],[113,55],[10,23],[92,-32],[38,13],[42,-42],[33,-9],[111,9],[29,28],[117,37],[-3,-22],[25,-28]],[[5348,24325],[49,16],[38,24],[37,-34],[78,43],[53,3],[1,25],[103,-54],[-4,-128],[0,-4],[246,-5],[33,6],[33,-68],[49,65],[70,31],[29,41],[17,58],[25,11],[12,82],[13,34],[217,-148],[68,-17],[17,26],[63,19],[26,-4],[55,3],[18,15],[42,-1],[56,-31],[26,-3],[31,-32],[33,-149],[-3,-202]],[[4433,22881],[77,113],[31,-9],[24,-76],[74,-90],[48,-47],[77,29],[53,52],[27,19],[10,56],[12,9]],[[4685,21194],[9,28],[64,58],[9,49],[55,29],[50,17],[51,-63],[56,6],[78,-35],[4,12]],[[5061,21295],[1,-3],[65,-37],[14,-27],[-4,-67],[36,-50],[33,-18],[93,-70],[56,-31],[30,17],[25,-21],[72,-16],[24,-21],[62,9],[66,0],[100,-14],[26,10]],[[5760,20956],[11,-32],[-21,-48],[-12,-73],[-38,-20],[-55,-82],[-58,-58],[-19,-55],[-35,-82],[26,-12],[-160,-101]],[[5399,20393],[-38,60],[-33,31],[-54,9],[-48,29]],[[5226,20522],[-33,1],[-38,26],[-47,48],[-35,8],[-41,9],[-74,38],[-50,40],[-80,52],[-48,45],[-35,21],[-28,-2],[-2,38],[-17,24],[-59,29],[-44,-14],[-37,35]],[[5285,22036],[40,-25],[-3,-52],[-30,-148],[-13,-97],[12,-55],[56,-6],[7,-44]],[[5354,21609],[24,-62],[0,-31],[22,-54],[49,-89],[80,-66],[4,-34],[48,-17],[60,-40],[23,-25],[22,-64],[1,-8],[38,-51],[39,-33],[6,-44],[-10,-35]],[[5061,21295],[13,48],[-41,47],[-6,31],[-46,62],[29,76],[-4,60],[-29,77],[-16,83],[-1,70],[-40,19]],[[5946,21876],[-103,0],[-3,-91],[0,-195],[-1,-218],[-79,27],[-60,12],[-23,42],[-81,2],[-1,42],[-31,27],[-37,52],[-36,37],[12,25],[-47,64],[14,-49],[-43,-42],[-41,20],[-32,-22]],[[5971,21278],[-1,-26],[38,-49],[-4,-25],[-26,-20],[-17,-41],[-2,-56],[9,-38],[35,-39],[-6,-23],[38,-43],[15,-42],[-21,-22],[-32,1],[-68,-37],[-3,-36],[56,-120],[172,-365],[-250,-271],[-68,41],[-58,-15],[23,-68],[-2,-70],[-34,19],[-33,-43],[2,-48]],[[5734,19842],[-234,383],[-75,124],[-26,44]],[[4339,20942],[20,-31],[-59,-60],[0,-37],[-1,-16]],[[4299,20798],[-41,-30],[-62,-2],[-67,-35]],[[4129,20731],[-66,-26],[-52,24],[-36,22]],[[3975,20751],[-38,8],[-99,-2],[-56,11],[-38,37]],[[3975,20751],[-26,-43],[-6,-66],[-23,-54],[16,-52],[26,-44],[-1,-70],[12,-41],[28,-48],[48,-63],[-12,-22],[-2,-21],[-55,-32],[-51,-68],[23,-16],[23,-48],[-16,-107],[8,-49],[-8,-43],[5,-66]],[[4383,20015],[-23,61],[-30,33],[-4,23],[-50,29],[-29,46],[-8,69],[6,26],[-9,11],[3,67],[-19,61],[-3,50],[-22,34],[-51,60],[29,74],[-36,9],[-8,63]],[[4299,20798],[11,-58],[19,-13],[58,-71],[93,-93],[72,-43],[83,-72],[148,-131],[-1,-6],[77,-55],[17,-23]],[[4876,20233],[74,-74],[33,-50],[44,-69],[53,-48],[17,-63],[17,-16],[31,-68],[1,-21],[75,-109]],[[4876,20233],[39,37],[38,3],[60,68],[-1,22],[1,7],[5,38],[63,2],[9,37],[31,-8],[25,23],[67,21],[13,39]],[[5734,19842],[-1,-3]],[[5733,19839],[-96,-21],[-26,-7]],[[15794,17663],[-13,45],[-2,14]],[[15779,17722],[87,63]],[[15866,17785],[28,26],[57,-25],[6,29],[20,32],[13,22],[45,8]],[[15646,17612],[-39,0],[13,33],[-7,50],[-49,-6],[-42,49],[13,1]],[[15535,17739],[60,-14],[0,26],[73,32],[26,17],[22,55],[26,28]],[[15742,17883],[12,-52],[5,-23],[7,-33],[13,-53]],[[15535,17739],[-46,33],[29,-5],[36,34],[10,0],[-14,66]],[[15550,17867],[29,6],[32,1],[58,19],[25,4],[18,-3],[27,-1]],[[15739,17893],[3,-10]],[[15693,17539],[-72,-3],[-128,75],[-18,24],[-5,10],[-25,52]],[[15524,17888],[22,-3],[4,-18]],[[15734,17961],[5,-68]],[[5733,19839],[375,-85],[182,-146]],[[6290,19608],[0,0],[323,-260],[223,-183]],[[36488,11629],[-53,-18],[-172,-104],[-122,-90],[-39,-47],[-21,3],[-98,-121],[-51,-46],[-165,-105],[-61,9],[-22,16],[-121,21],[-51,42],[-143,45],[-92,54],[-64,23],[37,18],[27,-10],[19,24],[5,60],[-29,23],[-36,-18],[-76,47],[-4,-60],[-23,-2],[-13,55],[-112,-53],[-34,0],[-34,-55],[-20,-69],[-32,2],[-31,-37],[32,-40],[18,-1],[80,32],[32,0],[95,53],[12,18],[66,-23],[28,6],[36,-46],[-82,-1],[-81,-10],[-130,-29],[-134,-47],[-5,14],[-222,-95],[-118,-56],[-100,-64],[-5,10],[105,60],[7,37],[59,5],[25,29],[-94,66],[-22,58],[38,24],[-73,-32],[-4,-46],[-86,-6],[-3,-67],[-20,-28],[51,-42],[-17,-47],[-55,-52],[-52,-24],[1,-28],[-159,-108],[-62,-53],[-168,-155],[-38,-6],[-29,-24],[-107,-121],[-114,-166],[-35,-75],[-73,101]],[[32190,44958],[338,176],[188,91],[132,70],[237,119],[190,90],[52,13],[56,62],[192,69],[106,46],[174,70],[216,85],[463,185],[66,-2],[45,47],[137,55],[52,23],[545,216],[276,111],[313,120],[240,96],[37,33],[57,23],[14,-10],[77,12],[39,39],[53,20],[54,79],[31,29],[51,-17],[57,1],[41,-62],[77,-21],[22,-23],[34,-10],[36,-27],[60,-29],[39,15],[45,-19],[16,-30],[-4,-32],[28,-42],[75,-5],[61,-49],[28,-41],[-8,-20],[12,-71],[72,-57],[19,-96],[26,-38],[48,-2],[35,-28],[65,-13],[26,4],[89,-32],[16,-31],[32,-27],[41,-12],[31,-38],[7,-46]],[[40448,42168],[-288,-400],[-94,-135],[-62,-78],[-38,-57],[-169,-231],[-24,-39],[-164,-224],[-210,-201],[-48,-42],[-198,-192],[-323,-308]],[[13147,39154],[78,-123],[12,-36],[36,-51],[9,-67],[-2,-51],[31,-74],[29,-43],[76,-41],[1,-31],[-49,-58],[-16,-46],[11,-66],[-10,-90],[16,-40],[3,-45],[27,-53],[56,-70],[51,-14],[54,-1],[0,-37],[55,-66],[63,-85],[88,-53],[16,-17],[50,-170],[30,-28],[-4,-45],[8,-65],[-18,-87],[8,-57],[-21,-75],[-4,-48],[18,-56],[23,-33],[36,-127],[16,-19],[79,-40],[25,-4],[45,42],[40,-6],[52,18],[37,30],[54,-43]],[[6702,30672],[295,-136],[13,-2],[275,-123],[121,-57],[117,50],[55,26],[184,147],[174,135]],[[9085,29554],[-6,-36],[-37,-34],[12,-33],[15,-128],[12,-15],[-14,-34],[-46,-23],[8,-89],[-29,-24],[24,-39],[-11,-27],[0,-58]],[[9013,29014],[-86,-18],[-4,-1],[-145,18],[-64,-20],[-12,-25],[-142,-1],[-34,-10],[-30,-27],[-54,57],[-147,-61]],[[15038,17676],[-86,-24],[-6,32],[-39,-2],[-80,27],[-6,-36],[-108,40],[-32,-14]],[[14681,17699],[14,48],[26,36],[40,73],[-14,24],[50,32]],[[14599,17617],[24,45],[25,-7],[33,44]],[[8905,27431],[351,1],[40,7],[23,23],[59,15],[56,-30],[48,-12],[56,-31],[83,5],[57,27],[10,36],[47,-2],[40,33],[49,-10],[62,23],[129,121],[0,-39],[46,0]],[[10061,27598],[-14,-86],[-36,-23],[-57,-68],[-1,-28],[52,-13],[21,-33],[-6,-35],[18,-30],[57,-17],[13,-156],[45,-32],[-18,-60],[-17,-13],[-22,-153],[34,-73],[46,-127],[9,-36],[-126,-20],[-105,-9],[-10,-51],[-27,-40],[-20,-51],[24,-41],[4,-53],[31,-31],[50,25],[30,-28],[21,1],[1,-49],[-51,-99],[17,-43],[38,-22],[-25,-48],[-9,-39],[-42,-25],[-42,53],[-54,0],[-26,15],[-26,-22],[9,-25],[-18,-25],[0,-102],[17,-33]],[[10061,27598],[11,9],[85,1],[32,-13],[85,0],[84,-16],[60,-30],[54,-47],[118,-41],[68,-8],[120,6],[15,8],[86,-36],[59,13],[42,45],[41,18],[65,-5],[59,63],[29,52],[45,28],[41,-2],[11,32],[22,230]],[[20124,7848],[-23,-2],[-7,51],[-97,577],[-493,326],[-247,156],[-81,49],[-218,122],[-94,51],[-593,321],[-536,295],[-608,334],[-277,150],[-267,151],[-743,407]],[[2345,24172],[-55,75],[-80,43],[-6,56]],[[1620,23264],[-38,-16],[-50,29],[-51,-11],[-6,-45],[-45,9],[-24,18],[-3,39],[-19,32],[3,62],[-39,28],[-56,-6],[21,48],[46,45],[-36,23],[-53,-23],[-17,-30],[-41,-10],[-71,22],[-11,-37],[-39,-20],[-47,62],[-29,10],[-15,45],[-37,-25],[-38,13],[31,48],[-37,56],[-39,-5],[-22,15],[-33,57],[-39,38],[47,8],[63,38],[20,31],[6,60],[19,17],[22,-40],[72,-18],[83,54],[-51,34],[-97,-10],[-49,6],[-3,39],[42,31],[45,-8],[37,11],[22,23],[11,66],[-31,1],[-28,20],[2,43],[23,8],[33,40],[-28,27],[-60,-57],[-85,-49],[-43,52],[-43,2],[-54,-15],[-47,-31],[42,-32],[3,-55],[-67,-32],[57,-46],[-17,-17],[-52,-3],[-61,32],[24,49],[38,20],[1,19],[-25,70],[-16,13],[-44,-35],[-50,-16],[-36,24],[11,62],[-21,77],[-48,39],[-56,-17],[-39,7],[-6,76]],[[332,23859],[50,-29],[21,6],[24,-28],[28,-5],[3,-47],[-41,12],[-47,-7],[-21,18],[-33,0],[-26,16],[-75,-3],[12,26],[39,13],[45,34],[21,-6]],[[1090,23312],[19,-35],[-25,-23],[-21,34],[27,24]],[[823,23867],[24,-22],[6,-47],[-40,3],[-23,46],[33,20]],[[8947,27566],[5,25],[-83,62],[-9,45],[6,67],[16,37],[51,69],[-26,97],[-1,36],[108,54],[-5,24],[45,37],[12,82],[-18,62],[-44,52],[-9,55],[31,37],[-7,40],[22,73],[13,7],[18,66],[0,71],[-13,38],[28,52],[22,13],[4,32],[-25,16],[6,53],[17,15],[-90,87],[-8,44]],[[15860,17920],[-44,-5],[-58,-20],[-16,-12]],[[15918,17907],[-32,-18],[-49,-51],[15,-28],[14,-25]],[[37810,26924],[3,4],[-2,-690],[-2,-1735],[-5,5],[0,-632],[-10,-5]],[[8013,24593],[-15,34]],[[13801,18074],[391,2],[113,24],[29,29],[-1,32],[-38,29],[7,33],[12,35],[-29,47],[12,45],[54,77],[11,5],[21,9],[33,-15],[13,-44],[35,38],[72,-9],[-21,-40]],[[19340,22616],[-61,17],[-54,-34],[-96,55],[-55,0],[0,23],[-110,10],[5,-45],[27,-14],[43,-84],[-7,-40],[23,-13],[6,-33],[-47,-32],[-57,-62],[19,-37],[32,-5],[0,-25],[-35,-10],[28,-84],[20,-30],[54,-32],[3,-60],[29,-21],[51,0],[29,-26],[51,-4],[31,35],[45,19],[21,-34],[-9,-27],[21,-34],[-20,-17],[30,-34],[25,-65],[64,-9],[44,-34],[109,-25],[10,-16]],[[19341,21666],[-44,-12],[-52,-47],[5,-62],[-65,-26],[-20,15],[-42,-7],[-58,-68],[-109,-84]],[[7073,20949],[-33,-36],[-26,-1],[-44,-54],[1,-278],[-34,-19],[-14,-35],[-42,2],[-21,-36],[-59,-18],[-18,-15],[-45,-2],[3,-42],[-16,-16],[7,-35]],[[6732,20364],[-111,-36],[-16,33],[-24,-32],[35,-41],[7,-30],[-20,-51],[-21,-15],[-12,-37],[48,-48],[-5,-25],[-105,44],[-57,-10],[-54,5],[-3,-59],[16,-70],[30,-27],[-23,-66],[23,-21],[40,-71],[28,-37],[-24,-40],[-40,11],[-37,-39],[-4,-21],[-47,-50],[-66,-23]],[[6732,20364],[43,-31],[28,-66],[73,-46],[62,-15],[77,16],[33,16],[26,43],[-67,61],[78,86],[98,42],[82,6],[62,72],[41,-51],[68,-67],[-12,-25],[34,-90],[45,28],[1,18],[38,31]],[[7542,20392],[115,-11],[-83,-112],[-3,-36],[19,-49],[-42,-20],[12,-29],[45,-45],[-30,-118],[-2,-33],[-45,-5],[29,-100],[-30,-95],[-15,-45],[27,-76],[-17,-53],[11,-57],[0,-51],[18,-31]],[[7542,20392],[-49,27],[-22,39],[37,51],[-4,47],[19,18],[30,-19],[22,-31],[73,-23],[31,-24],[33,1],[-3,70],[57,-8],[9,20],[-49,111],[-35,6],[8,28],[68,-33],[-4,-35],[17,-32],[49,5],[30,-15],[26,16],[3,30],[58,27],[22,-5],[25,29]],[[15051,22326],[0,18],[278,104],[0,29],[54,8],[38,-19],[52,-3],[37,17],[38,-7],[60,14],[26,-7],[51,-50],[36,0],[67,-21]]],"transform":{"scale":[0.00018644334717249543,0.00019095775142661246],"translate":[33.94458593985886,-4.679179615065595]},"objects":{"constituencies.final":{"type":"GeometryCollection","geometries":[{"arcs":[[0,1,2,3,4,5,6,7,8,9,10,11,12]],"type":"Polygon","properties":{"code":"049","name":"Isiolo North","county_code":"011"}},{"arcs":[[13,14,15,16,17,18,19]],"type":"Polygon","properties":{"code":"253","name":"Rongo","county_code":"044"}},{"arcs":[[20,21,22,-17]],"type":"Polygon","properties":{"code":"254","name":"Awendo","county_code":"044"}},{"arcs":[[23,24,25,26,27]],"type":"Polygon","properties":{"code":"255","name":"Suna East","county_code":"044"}},{"arcs":[[28,29,30,-26]],"type":"Polygon","properties":{"code":"256","name":"Suna West","county_code":"044"}},{"arcs":[[31,-28,32,33,-22]],"type":"Polygon","properties":{"code":"257","name":"Uriri","county_code":"044"}},{"arcs":[[-27,-31,34,35,36,-33]],"type":"Polygon","properties":{"code":"258","name":"Nyatike","county_code":"044"}},{"arcs":[[-25,37,38,39,-29]],"type":"Polygon","properties":{"code":"259","name":"Kuria West","county_code":"044"}},{"arcs":[[40,-39,41]],"type":"Polygon","properties":{"code":"260","name":"Kuria East","county_code":"044"}},{"arcs":[[42,43,44,45,46,47,48,49]],"type":"Polygon","properties":{"code":"080","name":"Mavoko","county_code":"016"}},{"arcs":[[50,51,52,53,54,-45]],"type":"Polygon","properties":{"code":"081","name":"Machakos Town","county_code":"016"}},{"arcs":[[55,56,57,58,59,60]],"type":"Polygon","properties":{"code":"082","name":"Mwala","county_code":"016"}},{"arcs":[[61,62,63,64,65,66]],"type":"Polygon","properties":{"code":"245","name":"Kasipul","county_code":"043"}},{"arcs":[[-65,67,68,69,70,71,72]],"type":"Polygon","properties":{"code":"246","name":"Kabondo Kasipul","county_code":"043"}},{"arcs":[[73,74,75,-68,-64]],"type":"Polygon","properties":{"code":"247","name":"Karachuonyo","county_code":"043"}},{"arcs":[[-20,76,77,-74,-63,78]],"type":"Polygon","properties":{"code":"248","name":"Rangwe","county_code":"043"}},{"arcs":[[-77,-19,79,80,81]],"type":"Polygon","properties":{"code":"249","name":"Homa Bay Town","county_code":"043"}},{"arcs":[[-34,-37,82,83,-80,-18,-23]],"type":"Polygon","properties":{"code":"250","name":"Ndhiwa","county_code":"043"}},{"arcs":[[[-81,-84,84,85]],[[86]],[[87]],[[88]]],"type":"MultiPolygon","properties":{"code":"251","name":"Suba North","county_code":"043"}},{"arcs":[[89,90,91,92]],"type":"Polygon","properties":{"code":"212","name":"Sabatia","county_code":"038"}},{"arcs":[[93,94,95,96,97,98,99,-91]],"type":"Polygon","properties":{"code":"213","name":"Hamisi","county_code":"038"}},{"arcs":[[100,101,102,103,104]],"type":"Polygon","properties":{"code":"214","name":"Luanda","county_code":"038"}},{"arcs":[[105,-103,106,107,108,-93]],"type":"Polygon","properties":{"code":"215","name":"Emuhaya","county_code":"038"}},{"arcs":[[-100,109,-104,-106,-92]],"type":"Polygon","properties":{"code":"211","name":"Vihiga","county_code":"038"}},{"arcs":[[110,111,112,113,114,115,116]],"type":"Polygon","properties":{"code":"216","name":"Mt. Elgon","county_code":"039"}},{"arcs":[[-117,117,118,119,120,121]],"type":"Polygon","properties":{"code":"217","name":"Sirisia","county_code":"039"}},{"arcs":[[-116,122,123,124,-118]],"type":"Polygon","properties":{"code":"218","name":"Kabuchai","county_code":"039"}},{"arcs":[[125,126,127,128,-120]],"type":"Polygon","properties":{"code":"219","name":"Bumula","county_code":"039"}},{"arcs":[[-119,-125,129,130,131,-126]],"type":"Polygon","properties":{"code":"220","name":"Kanduyi","county_code":"039"}},{"arcs":[[132,133,134,135,-130,-124]],"type":"Polygon","properties":{"code":"222","name":"Webuye West","county_code":"039"}},{"arcs":[[-115,136,137,138,-133,-123]],"type":"Polygon","properties":{"code":"223","name":"Kimilili","county_code":"039"}},{"arcs":[[-138,139,140,141,142]],"type":"Polygon","properties":{"code":"224","name":"Tongaren","county_code":"039"}},{"arcs":[[-142,143,144,145,146,-135,147]],"type":"Polygon","properties":{"code":"199","name":"Lugari","county_code":"037"}},{"arcs":[[148,149,150,-144,-141]],"type":"Polygon","properties":{"code":"200","name":"Likuyani","county_code":"037"}},{"arcs":[[151,152,153,154,155,-146]],"type":"Polygon","properties":{"code":"201","name":"Malava","county_code":"037"}},{"arcs":[[-155,156,157,158,159,160,161]],"type":"Polygon","properties":{"code":"202","name":"Lurambi","county_code":"037"}},{"arcs":[[-147,-156,-162,162,163,-131,-136]],"type":"Polygon","properties":{"code":"203","name":"Navakholo","county_code":"037"}},{"arcs":[[164,165,166,167,168]],"type":"Polygon","properties":{"code":"204","name":"Mumias West","county_code":"037"}},{"arcs":[[169,170]],"type":"Polygon","properties":{"code":"001","name":"Changamwe","county_code":"001"}},{"arcs":[[171,172,173,174,175,176]],"type":"Polygon","properties":{"code":"192","name":"Belgut","county_code":"035"}},{"arcs":[[177,178,179,180,181,182,183]],"type":"Polygon","properties":{"code":"019","name":"Galole","county_code":"004"}},{"arcs":[[[184]],[[185]],[[186]],[[187]],[[188]],[[189]],[[190]],[[191]],[[192]],[[193]],[[194,195,196]],[[197]],[[198]]],"type":"MultiPolygon","properties":{"code":"021","name":"Lamu East","county_code":"005"}},{"arcs":[[[-196,199,200,201]],[[202]],[[203]],[[204]],[[205]]],"type":"MultiPolygon","properties":{"code":"022","name":"Lamu West","county_code":"005"}},{"arcs":[[206,207,208,209,210,211,212,-183]],"type":"Polygon","properties":{"code":"020","name":"Bura","county_code":"004"}},{"arcs":[[213,-169,214,-163,-161]],"type":"Polygon","properties":{"code":"205","name":"Mumias East","county_code":"037"}},{"arcs":[[-132,-164,-215,-168,215,216,217,-127]],"type":"Polygon","properties":{"code":"206","name":"Matungu","county_code":"037"}},{"arcs":[[218,219,220,221]],"type":"Polygon","properties":{"code":"023","name":"Taveta","county_code":"006"}},{"arcs":[[-220,222,223,224,225]],"type":"Polygon","properties":{"code":"024","name":"Wundanyi","county_code":"006"}},{"arcs":[[226,227,228,229,230,231,232,233]],"type":"Polygon","properties":{"code":"075","name":"Masinga","county_code":"016"}},{"arcs":[[234,235,236,-230,237,-61]],"type":"Polygon","properties":{"code":"076","name":"Yatta","county_code":"016"}},{"arcs":[[-59,238,239]],"type":"Polygon","properties":{"code":"077","name":"Kangundo","county_code":"016"}},{"arcs":[[-43,240,241,242,243,-235,-60,-240,244]],"type":"Polygon","properties":{"code":"078","name":"Matungulu","county_code":"016"}},{"arcs":[[-44,-245,-239,-58,245,-51]],"type":"Polygon","properties":{"code":"079","name":"Kathiani","county_code":"016"}},{"arcs":[[246,247,248,-212]],"type":"Polygon","properties":{"code":"027","name":"Garissa Township","county_code":"007"}},{"arcs":[[[249,-85,-83,-36]],[[250]],[[251]]],"type":"MultiPolygon","properties":{"code":"252","name":"Suba South","county_code":"043"}},{"arcs":[[252,253,254,-247,-211]],"type":"Polygon","properties":{"code":"028","name":"Balambala","county_code":"007"}},{"arcs":[[255,256,257,-254]],"type":"Polygon","properties":{"code":"029","name":"Lagdera","county_code":"007"}},{"arcs":[[-184,-213,-249,258,259,260]],"type":"Polygon","properties":{"code":"031","name":"Fafi","county_code":"007"}},{"arcs":[[-261,261,-197,-202,262,-178]],"type":"Polygon","properties":{"code":"032","name":"Ijara","county_code":"007"}},{"arcs":[[263,264,265,266,267]],"type":"Polygon","properties":{"code":"033","name":"Wajir North","county_code":"008"}},{"arcs":[[268,269,270,271,272,273]],"type":"Polygon","properties":{"code":"034","name":"Wajir East","county_code":"008"}},{"arcs":[[-268,274,275,-273,276]],"type":"Polygon","properties":{"code":"035","name":"Tarbaj","county_code":"008"}},{"arcs":[[-226,277,278,279,-221]],"type":"Polygon","properties":{"code":"025","name":"Mwatate","county_code":"006"}},{"arcs":[[280,-8,281,282,-271,283]],"type":"Polygon","properties":{"code":"036","name":"Wajir West","county_code":"008"}},{"arcs":[[-171,284,285,286,287,288]],"type":"Polygon","properties":{"code":"002","name":"Jomvu","county_code":"001"}},{"arcs":[[-108,289,290,-159,291]],"type":"Polygon","properties":{"code":"208","name":"Khwisero","county_code":"037"}},{"arcs":[[-218,292,293,294,295,-128]],"type":"Polygon","properties":{"code":"227","name":"Nambale","county_code":"040"}},{"arcs":[[296,297,298,299,300,-294]],"type":"Polygon","properties":{"code":"228","name":"Matayos","county_code":"040"}},{"arcs":[[301,302,303,304,305,306]],"type":"Polygon","properties":{"code":"041","name":"Mandera North","county_code":"009"}},{"arcs":[[-274,-276,307,-303,308,309]],"type":"Polygon","properties":{"code":"042","name":"Mandera South","county_code":"009"}},{"arcs":[[-307,310,311]],"type":"Polygon","properties":{"code":"043","name":"Mandera East","county_code":"009"}},{"arcs":[[-265,312,-282,-7,313,314]],"type":"Polygon","properties":{"code":"045","name":"Moyale","county_code":"010"}},{"arcs":[[315,-314,-6,316,317,318]],"type":"Polygon","properties":{"code":"046","name":"North Horr","county_code":"010"}},{"arcs":[[319,-318]],"type":"Polygon","properties":{"code":"047","name":"Saku","county_code":"010"}},{"arcs":[[-320,-317,-5,320,321,322,-319]],"type":"Polygon","properties":{"code":"048","name":"Laisamis","county_code":"010"}},{"arcs":[[323,324]],"type":"Polygon","properties":{"code":"051","name":"Igembe South","county_code":"012"}},{"arcs":[[-209,325,326,327,-325,328,-11,329,330]],"type":"Polygon","properties":{"code":"052","name":"Igembe Central","county_code":"012"}},{"arcs":[[-10,331,-330]],"type":"Polygon","properties":{"code":"053","name":"Igembe North","county_code":"012"}},{"arcs":[[-13,332,333,334,335]],"type":"Polygon","properties":{"code":"054","name":"Tigania West","county_code":"012"}},{"arcs":[[-324,-328,336,-333,-12,-329]],"type":"Polygon","properties":{"code":"055","name":"Tigania East","county_code":"012"}},{"arcs":[[337,338,339,-335]],"type":"Polygon","properties":{"code":"056","name":"North Imenti","county_code":"012"}},{"arcs":[[-336,-340,340,341,342,343,344,-1]],"type":"Polygon","properties":{"code":"057","name":"Buuri","county_code":"012"}},{"arcs":[[345,346,347,348,-341,-339]],"type":"Polygon","properties":{"code":"058","name":"Central Imenti","county_code":"012"}},{"arcs":[[[-342,-349,349,350]],[[351,352,353,354,355,-347]]],"type":"MultiPolygon","properties":{"code":"059","name":"South Imenti","county_code":"012"}},{"arcs":[[356,357,-353]],"type":"Polygon","properties":{"code":"060","name":"Maara","county_code":"013"}},{"arcs":[[358,359,360,361]],"type":"Polygon","properties":{"code":"092","name":"Ol Jorok","county_code":"018"}},{"arcs":[[362,363,364,365,366,-326,-208]],"type":"Polygon","properties":{"code":"067","name":"Mwingi North","county_code":"015"}},{"arcs":[[367,-364,368,369,370,-227]],"type":"Polygon","properties":{"code":"068","name":"Mwingi West","county_code":"015"}},{"arcs":[[-363,-207,-182,371,372,-369]],"type":"Polygon","properties":{"code":"069","name":"Mwingi Central","county_code":"015"}},{"arcs":[[373,374,375,376,377,378,379]],"type":"Polygon","properties":{"code":"097","name":"Othaya","county_code":"019"}},{"arcs":[[380,381,382,383]],"type":"Polygon","properties":{"code":"123","name":"Turkana North","county_code":"023"}},{"arcs":[[-56,-238,-229,384,385,386,387,388,389]],"type":"Polygon","properties":{"code":"071","name":"Kitui Rural","county_code":"015"}},{"arcs":[[-370,-373,390,-386,391]],"type":"Polygon","properties":{"code":"072","name":"Kitui Central","county_code":"015"}},{"arcs":[[392,393,394,395,396,397,398,399,400]],"type":"Polygon","properties":{"code":"129","name":"Kapenguria","county_code":"024"}},{"arcs":[[401,402,403,-398]],"type":"Polygon","properties":{"code":"131","name":"Kacheliba","county_code":"024"}},{"arcs":[[404,-3,405,406,407,408]],"type":"Polygon","properties":{"code":"133","name":"Samburu West","county_code":"025"}},{"arcs":[[-181,409,-387,-391,-372]],"type":"Polygon","properties":{"code":"073","name":"Kitui East","county_code":"015"}},{"arcs":[[-139,-143,-148,-134]],"type":"Polygon","properties":{"code":"221","name":"Webuye East","county_code":"039"}},{"arcs":[[[410,411,412]],[[413,414,415]],[[416]]],"type":"MultiPolygon","properties":{"code":"011","name":"Kilifi North","county_code":"003"}},{"arcs":[[-410,-180,417,418,419,420,421,-388]],"type":"Polygon","properties":{"code":"074","name":"Kitui South","county_code":"015"}},{"arcs":[[-246,-57,-390,422,423,-52]],"type":"Polygon","properties":{"code":"083","name":"Mbooni","county_code":"017"}},{"arcs":[[-54,424,425,426,427]],"type":"Polygon","properties":{"code":"084","name":"Kilome","county_code":"017"}},{"arcs":[[-53,-424,428,-425]],"type":"Polygon","properties":{"code":"085","name":"Kaiti","county_code":"017"}},{"arcs":[[-389,-422,429,-426,-429,-423]],"type":"Polygon","properties":{"code":"086","name":"Makueni","county_code":"017"}},{"arcs":[[430,431,432,-427,-430,-421]],"type":"Polygon","properties":{"code":"087","name":"Kibwezi West","county_code":"017"}},{"arcs":[[433,-419,434,435,436,437,438,-278,-225]],"type":"Polygon","properties":{"code":"026","name":"Voi","county_code":"006"}},{"arcs":[[-277,-272,-283,-313,-264]],"type":"Polygon","properties":{"code":"037","name":"Eldas","county_code":"008"}},{"arcs":[[-267,439,440,-304,-308,-275]],"type":"Polygon","properties":{"code":"039","name":"Mandera West","county_code":"009"}},{"arcs":[[441,-284,-270,442,443,-257]],"type":"Polygon","properties":{"code":"038","name":"Wajir South","county_code":"008"}},{"arcs":[[444,445,446,447,-411]],"type":"Polygon","properties":{"code":"012","name":"Kilifi South","county_code":"003"}},{"arcs":[[-291,448,449,-165,-214,-160]],"type":"Polygon","properties":{"code":"207","name":"Butere","county_code":"037"}},{"arcs":[[-95,450,-157,-154,451,452,453]],"type":"Polygon","properties":{"code":"209","name":"Shinyalu","county_code":"037"}},{"arcs":[[-90,-109,-292,-158,-451,-94]],"type":"Polygon","properties":{"code":"210","name":"Ikolomani","county_code":"037"}},{"arcs":[[-129,-296,454,455,-121]],"type":"Polygon","properties":{"code":"225","name":"Teso North","county_code":"040"}},{"arcs":[[-301,456,-455,-295]],"type":"Polygon","properties":{"code":"226","name":"Teso South","county_code":"040"}},{"arcs":[[457,458,459,460]],"type":"Polygon","properties":{"code":"090","name":"Kipipiri","county_code":"018"}},{"arcs":[[461,-459,462,463,464,-362]],"type":"Polygon","properties":{"code":"091","name":"Ol Kalou","county_code":"018"}},{"arcs":[[465,-297,-293,-217]],"type":"Polygon","properties":{"code":"229","name":"Butula","county_code":"040"}},{"arcs":[[-380,466,467,468,469,470]],"type":"Polygon","properties":{"code":"098","name":"Mukurweini","county_code":"019"}},{"arcs":[[471,472,473]],"type":"Polygon","properties":{"code":"099","name":"Nyeri Town","county_code":"019"}},{"arcs":[[-233,474,475,476,477,478,479,480]],"type":"Polygon","properties":{"code":"100","name":"Mwea","county_code":"020"}},{"arcs":[[481,482,-479]],"type":"Polygon","properties":{"code":"101","name":"Gichugu","county_code":"020"}},{"arcs":[[-469,483,484,-477,485]],"type":"Polygon","properties":{"code":"102","name":"Ndia","county_code":"020"}},{"arcs":[[-299,486,487,488,489]],"type":"Polygon","properties":{"code":"230","name":"Funyula","county_code":"040"}},{"arcs":[[-471,490,491,492,-374]],"type":"Polygon","properties":{"code":"105","name":"Mathioya","county_code":"021"}},{"arcs":[[-470,-486,-476,493,494,495,-491]],"type":"Polygon","properties":{"code":"106","name":"Kiharu","county_code":"021"}},{"arcs":[[496,497,498,499,500,501]],"type":"Polygon","properties":{"code":"166","name":"Molo","county_code":"032"}},{"arcs":[[502,503,504,505,-497]],"type":"Polygon","properties":{"code":"167","name":"Njoro","county_code":"032"}},{"arcs":[[506,507,508,509,510,511,512]],"type":"Polygon","properties":{"code":"168","name":"Naivasha","county_code":"032"}},{"arcs":[[513,-495,514,515,516,517,-375,-493]],"type":"Polygon","properties":{"code":"107","name":"Kigumo","county_code":"021"}},{"arcs":[[-499,518,519,520,521]],"type":"Polygon","properties":{"code":"170","name":"Kuresoi South","county_code":"032"}},{"arcs":[[522,523,-515,-494,-475,-232]],"type":"Polygon","properties":{"code":"108","name":"Maragwa","county_code":"021"}},{"arcs":[[-524,524,-516]],"type":"Polygon","properties":{"code":"109","name":"Kandara","county_code":"021"}},{"arcs":[[-237,525,526,527,528,-517,-525,-523,-231]],"type":"Polygon","properties":{"code":"110","name":"Gatanga","county_code":"021"}},{"arcs":[[-361,529,530,531,-377,532,-460,-462]],"type":"Polygon","properties":{"code":"093","name":"Ndaragwa","county_code":"018"}},{"arcs":[[533,534,-381]],"type":"Polygon","properties":{"code":"124","name":"Turkana West","county_code":"023"}},{"arcs":[[535,536,537,538,539,-150]],"type":"Polygon","properties":{"code":"141","name":"Soy","county_code":"027"}},{"arcs":[[-151,-540,540,541,542,-152,-145]],"type":"Polygon","properties":{"code":"142","name":"Turbo","county_code":"027"}},{"arcs":[[-228,-371,-392,-385]],"type":"Polygon","properties":{"code":"070","name":"Kitui West","county_code":"015"}},{"arcs":[[-348,-356,543,-484,-468,544,-472,545,-350]],"type":"Polygon","properties":{"code":"096","name":"Mathira","county_code":"019"}},{"arcs":[[546,-431,-420,-434,-224]],"type":"Polygon","properties":{"code":"088","name":"Kibwezi East","county_code":"017"}},{"arcs":[[-461,-533,-376,-518,-529,547,-513,548]],"type":"Polygon","properties":{"code":"089","name":"Kinangop","county_code":"018"}},{"arcs":[[-355,549,-482,-478,-485,-544]],"type":"Polygon","properties":{"code":"103","name":"Kirinyaga Central","county_code":"020"}},{"arcs":[[-383,550,551,552,553]],"type":"Polygon","properties":{"code":"125","name":"Turkana Central","county_code":"023"}},{"arcs":[[554,555,556,557]],"type":"Polygon","properties":{"code":"281","name":"Ruaraka","county_code":"047"}},{"arcs":[[-489,558,559,560]],"type":"Polygon","properties":{"code":"231","name":"Budalangi","county_code":"040"}},{"arcs":[[-48,561,562,563,564]],"type":"Polygon","properties":{"code":"282","name":"Embakasi South","county_code":"047"}},{"arcs":[[565,566,567,568,569,-541,-539]],"type":"Polygon","properties":{"code":"143","name":"Moiben","county_code":"027"}},{"arcs":[[570,571,572,-569]],"type":"Polygon","properties":{"code":"144","name":"Ainabkoi","county_code":"027"}},{"arcs":[[-542,573,574,575,576]],"type":"Polygon","properties":{"code":"145","name":"Kapseret","county_code":"027"}},{"arcs":[[-16,577,578,579,580,581,582,583,584,-42,-38,-24,-32,-21]],"type":"Polygon","properties":{"code":"177","name":"Kilgoris","county_code":"033"}},{"arcs":[[-549,-512,585,-505,586,587,588,-463,-458]],"type":"Polygon","properties":{"code":"169","name":"Gilgil","county_code":"032"}},{"arcs":[[-384,-554,589,-403,590,-534]],"type":"Polygon","properties":{"code":"126","name":"Loima","county_code":"023"}},{"arcs":[[-404,-590,-553,591,592,-399]],"type":"Polygon","properties":{"code":"127","name":"Turkana South","county_code":"023"}},{"arcs":[[-593,593,594,595,596,-400]],"type":"Polygon","properties":{"code":"130","name":"Sigor","county_code":"024"}},{"arcs":[[-519,-498,-506,-586,-511,597,598]],"type":"Polygon","properties":{"code":"179","name":"Narok North","county_code":"033"}},{"arcs":[[599,600,-598,-510]],"type":"Polygon","properties":{"code":"180","name":"Narok East","county_code":"033"}},{"arcs":[[-599,-601,601,602,603,604,605,606,-520]],"type":"Polygon","properties":{"code":"181","name":"Narok South","county_code":"033"}},{"arcs":[[607,-584,608,609,-604]],"type":"Polygon","properties":{"code":"182","name":"Narok West","county_code":"033"}},{"arcs":[[610,611,-322,612,-409]],"type":"Polygon","properties":{"code":"134","name":"Samburu North","county_code":"025"}},{"arcs":[[-4,-405,-613,-321]],"type":"Polygon","properties":{"code":"135","name":"Samburu East","county_code":"025"}},{"arcs":[[-395,613,614,615,616]],"type":"Polygon","properties":{"code":"136","name":"Kwanza","county_code":"026"}},{"arcs":[[617,618,-446,619,620,621,622,-287]],"type":"Polygon","properties":{"code":"014","name":"Rabai","county_code":"003"}},{"arcs":[[623,-396,-617,624,-112]],"type":"Polygon","properties":{"code":"137","name":"Endebess","county_code":"026"}},{"arcs":[[-625,-616,625,-113]],"type":"Polygon","properties":{"code":"138","name":"Saboti","county_code":"026"}},{"arcs":[[[-288,-623,626]],[[-621,627,628,629]]],"type":"MultiPolygon","properties":{"code":"003","name":"Kisauni","county_code":"001"}},{"arcs":[[630,631,632,633,634,635,636]],"type":"Polygon","properties":{"code":"116","name":"Githunguri","county_code":"022"}},{"arcs":[[-636,637,638,639,640]],"type":"Polygon","properties":{"code":"117","name":"Kiambu","county_code":"022"}},{"arcs":[[-637,-641,641,642,643]],"type":"Polygon","properties":{"code":"118","name":"Kiambaa","county_code":"022"}},{"arcs":[[-173,644,645,-500,-522,646]],"type":"Polygon","properties":{"code":"171","name":"Kuresoi North","county_code":"032"}},{"arcs":[[-643,647,648,649,650]],"type":"Polygon","properties":{"code":"119","name":"Kabete","county_code":"022"}},{"arcs":[[-114,-626,-615,651,-536,-149,-140,-137]],"type":"Polygon","properties":{"code":"139","name":"Kiminini","county_code":"026"}},{"arcs":[[-465,652,653,654,655,656,-359]],"type":"Polygon","properties":{"code":"172","name":"Subukia","county_code":"032"}},{"arcs":[[-502,657,658,-654,659,660,-503]],"type":"Polygon","properties":{"code":"173","name":"Rongai","county_code":"032"}},{"arcs":[[-528,661,662,-632,663,-507,-548]],"type":"Polygon","properties":{"code":"122","name":"Lari","county_code":"022"}},{"arcs":[[-663,664,665,-633]],"type":"Polygon","properties":{"code":"111","name":"Gatundu South","county_code":"022"}},{"arcs":[[666,667,-665,-662,-527]],"type":"Polygon","properties":{"code":"112","name":"Gatundu North","county_code":"022"}},{"arcs":[[668,-634,-666,-668,669,-243]],"type":"Polygon","properties":{"code":"113","name":"Juja","county_code":"022"}},{"arcs":[[-236,-244,-670,-667,-526]],"type":"Polygon","properties":{"code":"114","name":"Thika Town","county_code":"022"}},{"arcs":[[-589,670,671,-660,-653,-464]],"type":"Polygon","properties":{"code":"174","name":"Bahati","county_code":"032"}},{"arcs":[[-652,-614,-394,672,-537]],"type":"Polygon","properties":{"code":"140","name":"Cherangany","county_code":"026"}},{"arcs":[[673,674,675,676]],"type":"Polygon","properties":{"code":"237","name":"Rarieda","county_code":"041"}},{"arcs":[[[677,678,679]],[[680]]],"type":"MultiPolygon","properties":{"code":"007","name":"Msambweni","county_code":"002"}},{"arcs":[[[-439,681,682,-678,683,-279]],[[684]],[[685]]],"type":"MultiPolygon","properties":{"code":"008","name":"Lungalunga","county_code":"002"}},{"arcs":[[-683,686,687,688,689,-679]],"type":"Polygon","properties":{"code":"009","name":"Matuga","county_code":"002"}},{"arcs":[[690,691,692,-596]],"type":"Polygon","properties":{"code":"147","name":"Marakwet East","county_code":"028"}},{"arcs":[[-286,693,-687,-682,-438,694,695,-618]],"type":"Polygon","properties":{"code":"010","name":"Kinango","county_code":"002"}},{"arcs":[[-242,696,697,-638,-635,-669]],"type":"Polygon","properties":{"code":"115","name":"Ruiru","county_code":"022"}},{"arcs":[[-647,-521,-607,698,699,700,-174]],"type":"Polygon","properties":{"code":"198","name":"Konoin","county_code":"036"}},{"arcs":[[-579,701,702,703]],"type":"Polygon","properties":{"code":"263","name":"Bomachoge Borabu","county_code":"045"}},{"arcs":[[704,705,706,707,708,-97]],"type":"Polygon","properties":{"code":"152","name":"Aldai","county_code":"029"}},{"arcs":[[-706,709,710,711]],"type":"Polygon","properties":{"code":"153","name":"Nandi Hills","county_code":"029"}},{"arcs":[[712,713,714,715,-358]],"type":"Polygon","properties":{"code":"061","name":"Chuka/igambang'ombe","county_code":"013"}},{"arcs":[[716,-576,717,-453]],"type":"Polygon","properties":{"code":"154","name":"Chesumei","county_code":"029"}},{"arcs":[[718,719,720,-714,721,-366]],"type":"Polygon","properties":{"code":"066","name":"Mbeere North","county_code":"014"}},{"arcs":[[-454,-718,-575,722,-710,-705,-96]],"type":"Polygon","properties":{"code":"155","name":"Emgwen","county_code":"029"}},{"arcs":[[-661,-672,723,-587,-504]],"type":"Polygon","properties":{"code":"175","name":"Nakuru Town West","county_code":"032"}},{"arcs":[[724,-629]],"type":"Polygon","properties":{"code":"004","name":"Nyali","county_code":"001"}},{"arcs":[[-568,725,726,727,728,729,-571]],"type":"Polygon","properties":{"code":"150","name":"Keiyo South","county_code":"028"}},{"arcs":[[-588,-724,-671]],"type":"Polygon","properties":{"code":"176","name":"Nakuru Town East","county_code":"032"}},{"arcs":[[-543,-577,-717,-452,-153]],"type":"Polygon","properties":{"code":"156","name":"Mosop","county_code":"029"}},{"arcs":[[730,-407,731,732,733,734,735,-691,-595]],"type":"Polygon","properties":{"code":"157","name":"Tiaty","county_code":"030"}},{"arcs":[[-360,-657,736,-733,737,738,-530]],"type":"Polygon","properties":{"code":"163","name":"Laikipia West","county_code":"031"}},{"arcs":[[739,-531,-739,740,-344]],"type":"Polygon","properties":{"code":"164","name":"Laikipia East","county_code":"031"}},{"arcs":[[741]],"type":"Polygon","properties":{"code":"006","name":"Mvita","county_code":"001"}},{"arcs":[[742,743,744,745]],"type":"Polygon","properties":{"code":"183","name":"Kajiado North","county_code":"034"}},{"arcs":[[746,747,748,749]],"type":"Polygon","properties":{"code":"184","name":"Kajiado Central","county_code":"034"}},{"arcs":[[-428,-433,750,-747,751,-746,752,-46,-55]],"type":"Polygon","properties":{"code":"185","name":"Kajiado East","county_code":"034"}},{"arcs":[[-509,753,754,-743,-752,-750,755,-602,-600]],"type":"Polygon","properties":{"code":"186","name":"Kajiado West","county_code":"034"}},{"arcs":[[-709,756,757,758,759,760,-98]],"type":"Polygon","properties":{"code":"238","name":"Kisumu East","county_code":"042"}},{"arcs":[[761,762,763]],"type":"Polygon","properties":{"code":"189","name":"Kipkelion West","county_code":"035"}},{"arcs":[[764,765,766,-177]],"type":"Polygon","properties":{"code":"190","name":"Ainamoi","county_code":"035"}},{"arcs":[[-701,767,768,769,770,-175]],"type":"Polygon","properties":{"code":"191","name":"Bureti","county_code":"035"}},{"arcs":[[-70,771,772,773,-765,-176,-771,774]],"type":"Polygon","properties":{"code":"193","name":"Sigowet/soin","county_code":"035"}},{"arcs":[[775,-689]],"type":"Polygon","properties":{"code":"005","name":"Likoni","county_code":"001"}},{"arcs":[[-696,776,-447,-619]],"type":"Polygon","properties":{"code":"013","name":"Kaloleni","county_code":"003"}},{"arcs":[[777,778,-760]],"type":"Polygon","properties":{"code":"240","name":"Kisumu Central","county_code":"042"}},{"arcs":[[-412,-448,-777,-695,-437,779,780,-414,781]],"type":"Polygon","properties":{"code":"015","name":"Ganze","county_code":"003"}},{"arcs":[[-781,782,783,-415]],"type":"Polygon","properties":{"code":"016","name":"Malindi","county_code":"003"}},{"arcs":[[[-436,784,785,-783,-780]],[[786]]],"type":"MultiPolygon","properties":{"code":"017","name":"Magarini","county_code":"003"}},{"arcs":[[-216,-167,787,788,-487,-298,-466]],"type":"Polygon","properties":{"code":"232","name":"Ugenya","county_code":"041"}},{"arcs":[[-166,-450,789,790,-788]],"type":"Polygon","properties":{"code":"233","name":"Ugunja","county_code":"041"}},{"arcs":[[-488,-789,-791,791,792,-559]],"type":"Polygon","properties":{"code":"234","name":"Alego Usonga","county_code":"041"}},{"arcs":[[-761,-779,793,794,-105,-110,-99]],"type":"Polygon","properties":{"code":"239","name":"Kisumu West","county_code":"042"}},{"arcs":[[-67,795,796,797,798]],"type":"Polygon","properties":{"code":"269","name":"Kitutu Chache South","county_code":"045"}},{"arcs":[[-640,799,800,801,802,803,-648,-642]],"type":"Polygon","properties":{"code":"274","name":"Westlands","county_code":"047"}},{"arcs":[[804,805,806,-803]],"type":"Polygon","properties":{"code":"275","name":"Dagoretti North","county_code":"047"}},{"arcs":[[-655,-659,807,-729,808,809]],"type":"Polygon","properties":{"code":"161","name":"Mogotio","county_code":"030"}},{"arcs":[[-572,-730,-808,-658,-501,-646,810,811]],"type":"Polygon","properties":{"code":"162","name":"Eldama Ravine","county_code":"030"}},{"arcs":[[-806,812,813,814]],"type":"Polygon","properties":{"code":"278","name":"Kibra","county_code":"047"}},{"arcs":[[-172,-767,815,-764,816,817,-811,-645]],"type":"Polygon","properties":{"code":"188","name":"Kipkelion East","county_code":"035"}},{"arcs":[[-698,818,-555,819,-800,-639]],"type":"Polygon","properties":{"code":"279","name":"Roysambu","county_code":"047"}},{"arcs":[[-50,820,821,822,823,-556,-819,-697,-241]],"type":"Polygon","properties":{"code":"280","name":"Kasarani","county_code":"047"}},{"arcs":[[-795,824,-676,825,-101]],"type":"Polygon","properties":{"code":"241","name":"Seme","county_code":"042"}},{"arcs":[[826,827,-758,828,-773]],"type":"Polygon","properties":{"code":"242","name":"Nyando","county_code":"042"}},{"arcs":[[-708,829,-762,-816,-766,-774,-829,-757]],"type":"Polygon","properties":{"code":"243","name":"Muhoroni","county_code":"042"}},{"arcs":[[-69,-76,830,-827,-772]],"type":"Polygon","properties":{"code":"244","name":"Nyakach","county_code":"042"}},{"arcs":[[-797,831,832,833,834,835]],"type":"Polygon","properties":{"code":"270","name":"Kitutu Masaba","county_code":"046"}},{"arcs":[[836,837,-833,838,-72]],"type":"Polygon","properties":{"code":"271","name":"West Mugirango","county_code":"046"}},{"arcs":[[-775,-770,839,-837,-71]],"type":"Polygon","properties":{"code":"272","name":"North Mugirango","county_code":"046"}},{"arcs":[[-769,840,841,-834,-838,-840]],"type":"Polygon","properties":{"code":"273","name":"Borabu","county_code":"046"}},{"arcs":[[-14,-79,-62,-799,842,843,844,845]],"type":"Polygon","properties":{"code":"261","name":"Bonchari","county_code":"045"}},{"arcs":[[-846,846,-702,-578,-15]],"type":"Polygon","properties":{"code":"262","name":"South Mugirango","county_code":"045"}},{"arcs":[[-704,847,-844,848,849,-580]],"type":"Polygon","properties":{"code":"264","name":"Bobasi","county_code":"045"}},{"arcs":[[-703,-847,-845,-848]],"type":"Polygon","properties":{"code":"265","name":"Bomachoge Chache","county_code":"045"}},{"arcs":[[-850,850,-835,-842,851,852,-581]],"type":"Polygon","properties":{"code":"266","name":"Nyaribari Masaba","county_code":"045"}},{"arcs":[[-836,-851,-849,-843,-798]],"type":"Polygon","properties":{"code":"267","name":"Nyaribari Chache","county_code":"045"}},{"arcs":[[-565,853,854,855,-821,-49]],"type":"Polygon","properties":{"code":"285","name":"Embakasi East","county_code":"047"}},{"arcs":[[-66,-73,-839,-832,-796]],"type":"Polygon","properties":{"code":"268","name":"Kitutu Chache North","county_code":"045"}},{"arcs":[[856,857,858,-854,-564]],"type":"Polygon","properties":{"code":"287","name":"Makadara","county_code":"047"}},{"arcs":[[859,860,861,-858]],"type":"Polygon","properties":{"code":"288","name":"Kamukunji","county_code":"047"}},{"arcs":[[-563,862,-813,-805,-802,863,-860,-857]],"type":"Polygon","properties":{"code":"289","name":"Starehe","county_code":"047"}},{"arcs":[[864,-861,-864,-801,-820,-558]],"type":"Polygon","properties":{"code":"290","name":"Mathare","county_code":"047"}},{"arcs":[[-853,865,866,-582]],"type":"Polygon","properties":{"code":"178","name":"Emurua Dikirr","county_code":"033"}},{"arcs":[[-367,-722,-713,-357,-352,-346,-338,-334,-337,-327]],"type":"Polygon","properties":{"code":"062","name":"Tharaka","county_code":"013"}},{"arcs":[[-263,-201,867,-785,-435,-418,-179]],"type":"Polygon","properties":{"code":"018","name":"Garsen","county_code":"004"}},{"arcs":[[-305,-441,868]],"type":"Polygon","properties":{"code":"040","name":"Banissa","county_code":"009"}},{"arcs":[[-210,-331,-332,-9,-281,-442,-256,-253]],"type":"Polygon","properties":{"code":"050","name":"Isiolo South","county_code":"011"}},{"arcs":[[-312,869,-309,-302]],"type":"Polygon","properties":{"code":"044","name":"Lafey","county_code":"009"}},{"arcs":[[-552,870,-611,-408,-731,-594,-592]],"type":"Polygon","properties":{"code":"128","name":"Turkana East","county_code":"023"}},{"arcs":[[-538,-673,-393,871,-692,-736,872,873,-566]],"type":"Polygon","properties":{"code":"148","name":"Marakwet West","county_code":"028"}},{"arcs":[[-815,874,875,-649,-804,-807]],"type":"Polygon","properties":{"code":"276","name":"Dagoretti South","county_code":"047"}},{"arcs":[[-753,-745,876,-875,-814,-863,-562,-47]],"type":"Polygon","properties":{"code":"277","name":"Langata","county_code":"047"}},{"arcs":[[877,878,-809,-728]],"type":"Polygon","properties":{"code":"159","name":"Baringo Central","county_code":"030"}},{"arcs":[[-656,-810,-879,879,-734,-737]],"type":"Polygon","properties":{"code":"160","name":"Baringo South","county_code":"030"}},{"arcs":[[880,-748,-751,-432,-547,-223,-219]],"type":"Polygon","properties":{"code":"187","name":"Kajiado South","county_code":"034"}},{"arcs":[[-741,-738,-732,-406,-2,-345]],"type":"Polygon","properties":{"code":"165","name":"Laikipia North","county_code":"031"}},{"arcs":[[-826,-675,881,-792,-790,-449,-290,-107,-102]],"type":"Polygon","properties":{"code":"235","name":"Gem","county_code":"041"}},{"arcs":[[[-793,-882,-674,882,-560]],[[883]],[[884]],[[885]]],"type":"MultiPolygon","properties":{"code":"236","name":"Bondo","county_code":"041"}},{"arcs":[[-727,886,-873,-735,-880,-878]],"type":"Polygon","properties":{"code":"158","name":"Baringo North","county_code":"030"}},{"arcs":[[887,-862,-865,-557,-824]],"type":"Polygon","properties":{"code":"283","name":"Embakasi North","county_code":"047"}},{"arcs":[[-855,-859,-888,-823,888]],"type":"Polygon","properties":{"code":"286","name":"Embakasi West","county_code":"047"}},{"arcs":[[-889,-822,-856]],"type":"Polygon","properties":{"code":"284","name":"Embakasi Central","county_code":"047"}},{"arcs":[[-255,-258,-444,889,-259,-248]],"type":"Polygon","properties":{"code":"030","name":"Dadaab","county_code":"007"}},{"arcs":[[-496,-514,-492]],"type":"Polygon","properties":{"code":"104","name":"Kangema","county_code":"021"}},{"arcs":[[-570,-573,-812,-818,890,-711,-723,-574]],"type":"Polygon","properties":{"code":"146","name":"Kesses","county_code":"027"}},{"arcs":[[-876,-877,-744,-755,891,-650]],"type":"Polygon","properties":{"code":"120","name":"Kikuyu","county_code":"022"}},{"arcs":[[-508,-664,-631,-644,-651,-892,-754]],"type":"Polygon","properties":{"code":"121","name":"Limuru","county_code":"022"}},{"arcs":[[-354,-716,892,-720,893,-480,-483,-550]],"type":"Polygon","properties":{"code":"063","name":"Manyatta","county_code":"014"}},{"arcs":[[-721,-893,-715]],"type":"Polygon","properties":{"code":"064","name":"Runyenjes","county_code":"014"}},{"arcs":[[-700,894,895,-866,-852,-841,-768]],"type":"Polygon","properties":{"code":"194","name":"Sotik","county_code":"036"}},{"arcs":[[-583,-867,-896,896,897,-609]],"type":"Polygon","properties":{"code":"195","name":"Chepalungu","county_code":"036"}},{"arcs":[[-610,-898,898,-605]],"type":"Polygon","properties":{"code":"196","name":"Bomet East","county_code":"036"}},{"arcs":[[-899,-897,-895,-699,-606]],"type":"Polygon","properties":{"code":"197","name":"Bomet Central","county_code":"036"}},{"arcs":[[-234,-481,-894,-719,-365,-368]],"type":"Polygon","properties":{"code":"065","name":"Mbeere South","county_code":"014"}},{"arcs":[[899,-473,-545,-467,-379]],"type":"Polygon","properties":{"code":"094","name":"Tetu","county_code":"019"}},{"arcs":[[-343,-351,-546,-474,-900,-378,-532,-740]],"type":"Polygon","properties":{"code":"095","name":"Kieni","county_code":"019"}},{"arcs":[[-597,-693,-872,-401]],"type":"Polygon","properties":{"code":"132","name":"Pokot South","county_code":"024"}},{"arcs":[[-567,-874,-887,-726]],"type":"Polygon","properties":{"code":"149","name":"Keiyo North","county_code":"028"}},{"arcs":[[-707,-712,-891,-817,-763,-830]],"type":"Polygon","properties":{"code":"151","name":"Tinderet","county_code":"029"}}]}}}